AZERBAYCAN,AZERBAYCAN TIP ÜNİVERSİTESİ İÇİN KAYIT DANIŞMANLIK : 1500USD,,,,,,,,
,DİĞER ÜNİVERSİTELER İÇİN DANIŞMANLIK 1150 USD,,,,,,,,
-Vizesiz Bir Ülkededir. Okul Başladıktan Sonra Öğrenci Oturumu Yapılır.-,,,,,,,,,
-Yaş Ve Diploma Notunda Sınır Yoktur,,,,,,,,,
-Adli Sicili Olan Öğrenciler Kabul Edilmez,,,,,,,,,
-Öğrenci Oturumu İle Ülkede Çalışamaz,,ÖNEMLİ VE EN ÇOK GİDİLEN ÜNİVERSİTELER,,,,,,,
-Ders Saydırma Tamamlama Gibi İşlemler Yapılmaz.,,AZERBAYCAN TEKNİK ÜNİVERSİTESİ,,,,,,,
-Nerdeyse Her Üniversitenin Kendine Ait Hazırlığı Vardır.,,AZERBAYCAN GENCE DEVLET TARIM ÜNİVERSİTESİ,,,,,,,
-Birinci Sınıf Kayıtlar Hazırlıktan Daha Erken Kapanır.,,AZERBAYCAN İNŞAAT VE MİMARLIK ÜNİVERSİTESİ,,,,,,,
-Havacılık Üniversitesi Kaydı Diğer Üniversiteler Göre Daha Erken Kapanır.,,AZERBAYCAN ÜNİVERSİTESİ,,,,,,,
-Oturum Her Şey Dahil  : 150 Azn,,AZERBAYCAN DEVLET DENİZ AKAMESİ,,,,,,,
-Hat Ücreti İnt. Dahil: 35 Azn,,AZERBAYCAN MİLLİ HAVACILIK ÜNİVERSİTESİ,,,,,,,
-Çeviri Evrak Başı: 20-50 Azn,,,,,,,,,
-Sigorta İlk Yıl İnşaat Ve Mimarlıkta Zorunlur: 200 Azn,,,,,,,,,
-Yurtta Yemek  Ortalama: 250 Azn,,,,,,,,,
-Genel Olarak Aylık Gider Barınma Hariç: 500-600 Azn,,,,,,,,,
,,,,,,,,,
AZERBAYCAN  ÜNİVERSİTESİ,HAZIRLIK  AZN-İNG: 1.000 USD,DİL ,,,,,,,
Bilgi Güvenliği,1500-1600 $,Azerbaycan Türkçesi - İng,,,,,,,
Bilgi Teknolojileri,1.300$ ,Azerbaycan Türkçesi,,,,,,,
Bilgisayar Mühendisliği,1.300$ ,Azerbaycan Türkçesi - İng,,,,,,,
Uluslararası Ticaret ve Lojistik,1.200$ ,Azerbaycan Türkçesi,,,,,,,
İşletme Yönetimi,1.500$ - 2.200$,Azerbaycan Türkçesi - İng,,,,,,,
Ekonomi,1.300$ - 1.500$,Azerbaycan Türkçesi - İng,,,,,,,
Finans,1.000$ ,Azerbaycan Türkçesi,,,,,,,
Pazarlama ,1.000$ ,Azerbaycan Türkçesi,,,,,,,
Truzim İşletmeciliği Organizasyonu,1.500$ - 1.600$,Azerbaycan Türkçesi - İng,,,,,,,
Yönetim,1300 $,Azerbaycan Türkçesi,,,,,,,
Muhasebe,1.300$- 1500$,Azerbaycan Türkçesi - İng,,,,,,,
Sosyal Çalışma,1.600$- 1800$,Azerbaycan Türkçesi - İng,,,,,,,
Uluslararası İlişkiler,1800$ ,Azerbaycan Türkçesi,,,,,,,
Filoloji (azerbaycan dili ve edebiyatı- ingiliz dili ve edebiyatı),1.600$ ,Azerbaycan Türkçesi,,,,,,,
Siyaset Bilimi,1.800$,Azerbaycan Türkçesi,,,,,,,
Felsefe,1500$,Azerbaycan Türkçesi,,,,,,,
AZERBAYCAN DEVLET PEDAGOJİ ÜNİVERSİTESİ,HAZIRLIK ,DİL ,,,,,,,
Dünya Edebiyatı,1180$ ,Azerbaycan Türkçesi,,,,,,,
İlkokul Öğretmenliği,1180$ ,Azerbaycan Türkçesi,,,,,,,
Okul Öncesi Öğretmenliği,1180$ ,Azerbaycan Türkçesi,,,,,,,
"İngilizce Öğretmenliği,  ",1180$ ,Azerbaycan Türkçesi,,,,,,,
Matematik öğretmenliği,1180$ ,Azerbaycan Türkçesi,,,,,,,
Fizik Öğretmenliği,1180$ ,Azerbaycan Türkçesi,,,,,,,
Biyoloji Öğretmenliği,1180$ ,Azerbaycan Türkçesi,,,,,,,
Dünya Edebiyatı,1180$ ,Azerbaycan Türkçesi,,,,,,,
İlkokul Öğretmenliği,1180$ ,Azerbaycan Türkçesi,,,,,,,
Okul Öncesi Öğretmenliği,1180$ ,Azerbaycan Türkçesi,,,,,,,
İngilizce Öğretmenliği,1180$ ,Azerbaycan Türkçesi,,,,,,,
Matematik öğretmenliği,1180$ ,Azerbaycan Türkçesi,,,,,,,
Fizik Öğretmenliği,1180$ ,Azerbaycan Türkçesi,,,,,,,
Biyoloji Öğretmenliği,1180$ ,Azerbaycan Türkçesi,,,,,,,
Psikolojik Danışmanlık ve Rehberlik Öğretmenliği ,1180$ ,Azerbaycan Türkçesi,,,,,,,
AZERBAYCAN İNŞAAT VE MİMARLIK ÜNİVERSİTESİ , HAZIRLIK 1200$,DİL ,NOT,YUKSEK LİSANS - DOKTORA,ÜCRET,,,,
İnşaat Mühendisliği,2000$,Azerice-Rusça-İngilizce,İNGİLİZCE HAZIRLIK OKUMAK İÇİN,Mühendislik Ekonomisi,2500$-3000$,,,,
Mimarlık ,2500$,Azerice-Rusça-İngilizce,GİRİŞTE İNG MÜLAKAT VARDIR.,Anıt ve tarihi eserlerin inşası ve mimarisi,2500$-3500$,,,,
Çevre Ekoloji Mühendisliği,2000$,Azerbaycan Türkçesi - İng,B1 İNGİLİZCESİ OLMASI GEREKİYOR.,İşletme MBA,2500$-3000$,,,,
Soğutma ve Su Yönetimi Mühendisliği ,2000$,Azerbaycan Türkçesi,,Pazarlama MBA,2500$-3000$,,,,
Ürün Teknolojisi Endüstrisi  Mühendisliği,2000$,Azerbaycan Türkçesi,,İnşaat yönetimi MBA,2500$-3000$,,,,
Mekanizasyon ve Otomasyonu,2000$,Azerbaycan Türkçesi,,İnşaat alanında yatırım yönetimi MBA,2500$-3000$,,,,
Petrol*Gaz Mühendisliği,2000$,Azerbaycan Türkçesi,,Trafik Yönetimi MBA,2500$-3000$,,,,
Jeodezi ve Haritacılık- Harita Mühendisliği,2000$,Azerbaycan Türkçesi,,Lojistik ve Tedarik Zinciri Yönetimi MBA,2500$-3000$,,,,
Metroloji Mühendisliği,2000$,Azerbaycan Türkçesi,,Gayrimenkul Yönetimi MBA,2500$-3000$,,,,
Dizayn*Tasarım,2500$,Azerbaycan Türkçesi,,Çevre Yönetimi MBA,2500$-3000$,,,,
Teknolojik Makine Ekipman Mühendisliği,2000$,Azerbaycan Türkçesi - İng,,İnşaat Mühendisliği,2500$-3000$,,,,
İnşaat Malzemeleri  ve Ürünleri Teknoloji Mühendisliği,2000$,Azerbaycan Türkçesi,,Dizayn TasarımTeknik Estetik,2500$-3000$,,,,
Peyzaj Mimarlığı*Şehir Planlama,2000$,Azerbaycan Türkçesi,,Görsel Tasarım ve Medya,2500$-3000$,,,,
Mühendislik Sistemleri ve Tesislerin İniaat Mühendisliği ,2000$,Azerbaycan Türkçesi,,Dizayn grafik interyer,2500$-3000$,,,,
Malzeme Bilimi Mühendisliği ,2000$,Azerbaycan Türkçesi,,Standartlaştırma sahalar üzerine Sertifikalaştırma,2500$-3000$,,,,
Elektrik  ve Makine Mühendisliği,2000$,Azerbaycan Türkçesi,,Elektrik Mühendisliği,2500$-3000$,,,,
Acil Durum İş Sağlığı  Güvenliği ,1800$,Azerbaycan Türkçesi - İng,,Geodezi Harıtacılık,2500$-3000$,,,,
Makine Mühendisliği,1800$,Azerbaycan Türkçesi,,Şehir Kadastro,2500$-3000$,,,,
Hidroloji *Su* Yönetimi*İslah Mühendisliği,1800$,Azerbaycan Türkçesi,,Şehir Planlaması,2200$*3000$,,,,
Ulaştırma  İnşaat Mühendisliği,1800$,Azerbaycan Türkçesi,,Sürdurulebilir Kentsel Gelişim ve Bölge Planlaması,2000$*3000$,,,,
Proses*Islah Mühendisliği,1800$,Azerbaycan Türkçesi,,Makine Mühendisliği,2000$*3000$,,,,
Enerji ve Bilgisayar Mühendisliği,2000$,Azerbaycan Türkçesi - İng,,Bilgi Teknolojileri ve Sistemleri Mühendisliği,2000$*3000$,,,,
Kara Araçları Mühendisliği,1800$,Azerbaycan Türkçesi - İng,,Endüstri Organizasyonu Yönetimi,2000$*3000$,,,,
Endüstriyel  Organizasyonu ve Yönetimi ,1800$,Azerbaycan Türkçesi,,Üretim ve Hizmet Alanı Ekonomisi ve Yönetimi,2000$*3000$,,,,
Bilgi Sistemleri Mühendisliği,1800$,Azerbaycan Türkçesi - İng,,Mimarlık,3000$-3500$,,,,
AZERBAYCAN TEKNİK ÜNİVERSİTESİ ,HAZIRLIK  - 1.100 USD,DİL ,,YUKSEKLİSANS,,,,,
Elektrik ve elektronik Mühendisliği,1850$,Azerbaycan Türkçesi - Rusça,, Özel amaçlı ürünlerin oluşturulması ve yeni teknolojilerin geliştirilmes,1800$,,,,
Otomasyon ve Kontrol,1600$,Azerbaycan Türkçesi - Rusça,,Lojistik ,1800$,,,,
Enerji Verimliliği ve Yeşil Enerji Teknolojileri,1600$,Azerbaycan Türkçesi - Rusça,,Sosyal Ekonomik Siyasş Kalkınma ve Toprak Bütunlüğü,1800$,,,,
Elektronik Mühendisliği,1600$,Azerbaycan Türkçesi - Rusça,,Sosyal Felsefe jeopolitik  düşünce kültürü,1800$,,,,
Ekoloji Mühendisliği. Endüstriyel Ekoloji ve Can Güvenliği,1600$,Azerbaycan Türkçesi - Rusça,,Dil Kültür Düşünce Sosyal Etkimlikler,1800$,,,,
Sürdürülebilir Geri Dönüştürme,1600$,Azerbaycan Türkçesi - Rusça,,Dil Teorisi,1800$,,,,
Kimyasal Teknolojiler Mühendisliği,1600$,Azerbaycan Türkçesi - Rusça,,Optik telekomünikasyon sistemleri ve bilgi güvenliği,1800$,,,,
Ekonomi ve İstatistik,1600$,Azerbaycan Türkçesi - Rusça,,Bilgisayarlar Fizik Kuantum,1800$,,,,
Uluslararası Ticaret.Uluslararası Ticaret,1600$,Azerbaycan Türkçesi - Rusça,,Yapay Zeka,1800$,,,,
Otomobil Mühendisliği,1600$,Azerbaycan Türkçesi - Rusça,,Veri Güvenliği,1800$,,,,
Malzeme ve Aletler Mühendisliği,1600$,Azerbaycan Türkçesi - Rusça,,Metalürji ,1800$,,,,
RadyoElektronik Mühendisliği,1600$,Azerbaycan Türkçesi - Rusça,,Geri Dönüşüm Teknolojileri,1800$,,,,
Havacılık Sistemleri  ve Uzay Mühendisliği,1600$,Azerbaycan Türkçesi - Rusça,,Malzeme Bilimi,1800$,,,,
Özel Teknolojiler ve Cihaz Mühendisliği,1600$,Azerbaycan Türkçesi - Rusça,,Ulaştırma ,1800$,,,,
Hidrolik ve Isı Mühendisliği,1600$,Azerbaycan Türkçesi - Rusça,,Trafik ,1800$,,,,
Bilgisayar Mühendisliği,1850$,Azerbaycan Türkçesi - Rusça - İng,,Araba Motorları,1800$,,,,
Matematik Mühendisliği Yapay Zeka,1600$,Azerbaycan Türkçesi - Rusça,,Metalürji Mühendisliği,1800$,,,,
Endüstri Mühendisliği*Urün Mühendisliği,1600$,Azerbaycan Türkçesi - Rusça,,Otel ve Turizm Yönetimi,1800$,,,,
Radyo Mühendisliği ve Telekomünikasyon,1600$,Azerbaycan Türkçesi - Rusça,,,,,,,
Mekatronik Mühendisliği,1600$,Azerbaycan Türkçesi - Rusça,,,,,,,
Mekanik ,1600$,Azerbaycan Türkçesi - Rusça,,,,,,,
Makine Mühendisliği ,1600$,Azerbaycan Türkçesi - Rusça,,,,,,,
Trafik ve Trafik Güvenliği,1600$,Azerbaycan Türkçesi - Rusça,,,,,,,
Uluslararası  Taşımacılık Lojistiği ve Yönetimi,1600$,Azerbaycan Türkçesi - Rusça,,,,,,,
Ulaştırma ekipmanları ve Yönetim Teknolojileri,1600$,Azerbaycan Türkçesi - Rusça,,,,,,,
AZERBAYCAN DEVLET PETROL VE SANAYİ ÜNİVERSİTESİ ,,,,,,,,,
 (NEFT AKADEMİSİ),HAZIRLIK  1000USD,DİL  ,,,,,,,
Mineraloji,2000$,Azerbaycan Türkçesi,,,,,,,
Jeoloji Mühendisliği,2500$,Azerbaycan Türkçesi,,,,,,,
Hidrojeoloji(Su)Mühendisliği,2000$,Azerbaycan Türkçesi,,,,,,,
Jeofizik Mühendisliği,2000$,Azerbaycan Türkçesi - İngilizce,,,,,,,
Maden Mühendisliği,2000$,Azerbaycan Türkçesi,,,,,,,
Gaz Mühendisliği,2500$,Azerbaycan Türkçesi,,,,,,,
Petrol Mühendisliğ,2500$,Azerbaycan Türkçesi,,,,,,,
Acil Güvenlik Mühendisliği,2000$,Azerbaycan Türkçesi,,,,,,,
Kimya ve Kimya Teknolojileri Mühendisliği,2000$,Azerbaycan Türkçesi - İngilizce,,,,,,,
Ekoloji Mühendisliğ,2000$,Azerbaycan Türkçesi - İngilizce,,,,,,,
Petrol Mekaniği Makine Mühendisliği,2000$,Azerbaycan Türkçesi - İngilizce,,,,,,,
Sürdürebilir Geri Kazanım Mühendisliği,2000$,Azerbaycan Türkçesi,,,,,,,
Gıda Mühendisliği,2000$,İngilizce,,,,,,,
Güç Mühendisliği,2500$,Azerbaycan Türkçesi,,,,,,,
Elektroenerjetik Mühendisliği,2500$,Azerbaycan Türkçesi,,,,,,,
Isı Enerjisi Mühendisliği,2500$,Azerbaycan Türkçesi - İngilizce,,,,,,,
Elektrik Mühendisliği,2000$,Azerbaycan Türkçesi - İngilizce,,,,,,,
Bilgisayar Bilimleri Mühendisliği,2500$,Azerbaycan Türkçesi,,,,,,,
Cihaz Malzeme}Mühendisliği,2500$,Azerbaycan Türkçesi - İngilizce,,,,,,,
Bilgi Teknolojileri,2500$,Azerbaycan Türkçesi - İngilizce,,,,,,,
Bilgisayar Yönetimi Bilimleri,2500$,Azerbaycan Türkçesi,,,,,,,
Elektronik Mühendisliği,2000$,Azerbaycan Türkçesi - İngilizce,,,,,,,
Telekomünikasyon Mühendisliği,2500$,Azerbaycan Türkçesi,,,,,,,
Radyo Mühendisliği,2500$,Azerbaycan Türkçesi - İngilizce,,,,,,,
Proses Otomasyon Mühendisliği,2500$,Azerbaycan Türkçesi - İngilizce,,,,,,,
Bilgi Teknolojileri,2500$,Azerbaycan Türkçesi - İngilizce,,,,,,,
Bilgisayar Mühendisliği,2500$,Azerbaycan Türkçesi - İngilizce,,,,,,,
Sistem Mühendisliği ,2500$,Azerbaycan Türkçesi - İngilizce,,,,,,,
Robotik Mühendisliği,2500$,Azerbaycan Türkçesi ,,,,,,,
İşletme Yönetimi*İşletme*Ekonomi*Pazarlama,2500$,Azerbaycan Türkçesi - İngilizce,,,,,,,
Mekatronik Mühendisliği,2500$,Azerbaycan Türkçesi ,,,,,,,
Lojistik  ve Taşımacılık Teknolojileri Mühendisliği,2500$,Azerbaycan Türkçesi - İngilizce,,,,,,,
Fizik Mühendisliği,2500$,Azerbaycan Türkçesi - İngilizce,,,,,,,
Endustri Mühendisliği,2500$,İngilizce  ,,,,,,,
Biyomedikal Mühendisliği,2500$,Azerbaycan Türkçesi ,,,,,,,
Meteoroloji Mühendisliği ,2500$,Azerbaycan Türkçesi ,,,,,,,
İnşaat Mühendisliği,2500$,Azerbaycan Türkçesi - İngilizce,,,,,,,
AZERBAYCAN DEVLET DENİZ AKADEMİSİ ,HAZIRLIK ,DİL,ÖNEMLİ NOTLAR ,,,,,,
Uzak Yol Gemi Kaptanlığı,3000$,Azerbaycan Türkçesi- İNG,ÜNİVERSİTENİN HAZIRLIĞI YOKTUR.,,,,,,
Gemi kaptanlığı Mühendisliği,3000$,Azerbaycan Türkçesi- İNG,UZAK YOL GEMİ KAPTANLIĞINDA YABANCI ÖĞRENCİYE EHLİYET VERMEZ,,,,,,
Gemi İnşa ve Onarım Mühendisliği,3000$,Azerbaycan Türkçesi - İNG,"- YILLIK OKUL ÜCRETİ, ÜNİFORMA, YURT ÜCRETİ 2 KİŞİLİK TEK ÖDEME (YEMEK DAHİL DEĞİL)",,,,,,
Gemi Makineleri İşletme Mühendisliği,3000$,Azerbaycan Türkçesi,İNGİLİZCE BÖLÜMLERE GİRİŞTE SÖZLÜ MÜLAKATLA ALIYOR B1 YETERLİ ,,,,,,
Elektrik ve Elektronik Mühendisliği,3000$,Azerbaycan Türkçesi,,,,,,,
AZERBAYCAN DİLLER ÜNİVERSİTESİ,,DİL ,,,,,,,
İngiliz Dili ve Edebiyatı,1800$,Azerbaycan Türkçesi,,,,,,,
Alman Dili ve Edebiyatı,1800$,Azerbaycan Türkçesi,,,,,,,
Fransız Dili ve Edebiyatı,1800$,Azerbaycan Türkçesi,,,,,,,
İtalyan Dili ve Edebiyatı,1800$,Azerbaycan Türkçesi,,,,,,,
İspanyol Dili ve Edebiyatı,1800$,Azerbaycan Türkçesi,,,,,,,
Kore Dili ve Edebiyatı ,1800$,Azerbaycan Türkçesi,,,,,,,
Uluslararası İlişkiler,2200$,Azerbaycan Türkçesi,,,,,,,
Tercümanlık,2200$,Azerbaycan Türkçesi,,,,,,,
AZERBAYCAN TIP ÜNİVERSİTESİ ,HAZIRLIK 5000USD,DİL   ,YURT                                         ,UZMANLIK 7000$,ÜCRET,,,,
Tıp   (6 yıl) ,6.000$,AzerbaycanT.-İngilizce-Rusça,150$-250$ *Ev 500*600 Manat             ,Narkoloji ,4 Yıl,,,,
Diş Hekimliği  (5 YIL),6.000$,AzerbaycanT.-İngilizce-Rusça,,Fizyoloji,2Yıl,,,,
Eczacılık (5 YIL),6.000$,AzerbaycanT.-İngilizce-Rusça,,İmmünoloji,2Yıl,,,,
Halk Sağlığı  (4 YIL),6.000$,,,Mikrobiyoloji,2 Yıl,,,,
Fizik Tedavi ve Rehabilitasyon,6.000$,,,Laboratuvar,2 Yıl,,,,
Hemşirelik,6.000$,,,Genetik,2 Yıl,,,,
,,,                                                                        ,Epistemoloji,2 Yıl,,,,
,,,,Psikiyatri,2 Yıl,,,,
AZERBAYCAN TIP ÜNİVERSİTESİ İÇİN NOTLAR,,,,Anesteziyoloji  ,3 Yıl,,,,
ARA DÖNEM KAYIDI AÇMAMAKTADIR. LİSE DİPLOMASI ŞARTI VE YKS ŞARTI ARTIK ARAMAMAKTADIR,,,,Diş hekimliği*Cene Cerrahisi,3 Yıl *5 yıl,,,,
ÖĞRENCİ ÜLKEYE GİTMEDEN BİYOLOJİ- KİMYADAN SINAVA GİRER,(SKYPE ÜZERİNDEN),,,Sosyal hijyen ve sağlık,3 Yıl,,,,
HAZIRLIK EĞİTİMİ OCAKTA BAŞLAR.,,,,Römololoji,4 Yıl,,,,
,,,,Fizyoterapi ve tıbbi reh. ,3 Yıl,,,,
,,,,Radyasyon tedavisi,4 Yıl,,,,
,,,,Allergoloji,3 Yıl,,,,
,,,,Patolojik anatomi ,3 Yıl,,,,
,,,,Nöroloji ,4 Yıl,,,,
,,,,Sua Terapisı, 3 Yıl,,,,
,,,,Kardiyoloji,4 Yıl,,,,
,,,,Nefroloji,4 Yıl,,,,
,,,,Gastroentroloj,4 Yıl,,,,
,,,,Hematoloji,4 Yıl,,,,
,,,, Dermatoloji,4 Yıl,,,,
,,,,Romatoloji,4 Yıl,,,,
,,,,Bulaşıcı hastalıklar,4 Yıl,,,,
,,,,Endokrinoloji,4 Yıl,,,,
,,,,Oftalmonojik ,3 Yıl,,,,
,,,,KBB,4 Yıl,,,,
,,,,Pediatri 4 Yıl,4 Yıl,,,,
,,,,Genel cerrahi, 5 Yıl,,,,
,,,,Beyin cerrahisi, 5 Yıl,,,,
,,,,Plastik cerrahi, 5 Yıl,,,,
,,,,Kalp-damar, 5 Yıl,,,,
,,,,Pediatrik cerrahi, 5 Yıl,,,,
,,,,Travmatoloji-ortopedi,4 Yıl,,,,
,,,,Onkoloji, 5 Yıl,,,,
,,,,Üroloji, 5 Yıl,,,,
,,,,Doğum ve jinekoloji, 5 Yıl,,,,
BAKÜ DEVLET ÜNİVERSİTESİ  ,HAZIRLIK  - 1500 USD,DİL ,YUKSEK LISANS ,ÜCRET MANAT ÜZERİ,PHD DOKTORA,,,,
Azerbaycan Dili ve Edebiyatı Öğretmenliği,1500$,Azerbaycan Türkçesi,MEKANİK- MATEMATİK,2550,Mekanik- Matematik,1600$,,,
Biyoloji Öğretmenliği ,1500$,Azerbaycan Türkçesi,UYGULAMALI MATEMATİK VE SİNERNETİK,2550,Uygulamalı Matematik Ve Sibernetik,1600$,,,
Coğrafya Öğretmenliği ,1500$,Azerbaycan Türkçesi,FİZİK,2550,Fizik,1600$,,,
Rus Dili ve Edebiyat Öğretmenliği ,1500$,Azerbaycan Türkçesi,KİMYA,2040,Kimya,1600$,,,
Fizik Öğretmenliği ,1500$,Azerbaycan Türkçesi,BİYOLOJİ,2550,Biyoloji ,1600$,,,
Bilgisayar Öğretmenliği ,1500$,Azerbaycan Türkçesi,EKOLOJİ VE TOPRAK BİLİMİ,2550,Ekoloji ve Toprak Bilimi ,1600$,,,
Kimya Öğretmenliği ,1500$,Azerbaycan Türkçesi,COĞRAFYA,2550,Coğrafya ,1600$,,,
Özel Eğitim ,1500$,Azerbaycan Türkçesi,JEOLOJİ,2550,Jeoloji ,1600$,,,
Matematik Öğretmenliği ,1500$,Azerbaycan Türkçesi - İNG,FİLOLOJİ,2550,Filoloji ,1600$,,,
Tarih Öğretmenliği ,1500$,Azerbaycan Türkçesi,TARİH,2550,Tarih ,1600$,,,
Eğitimde Sosyo-psikoloji hizmetler,1500$,Azerbaycan Türkçesi,GAZETECİLİK,2550,Gazetecilik ,1600$,,,
Uluslararası İlişkiler ,2500$,Azerbaycan Türkçesi  -  İNG,DOĞU ÇALIŞMALARI,2550,Doğu Çalışmaları ,1600$,,,
Psikoloji,2.000$,Azerbaycan Türkçesi  -  İNG,KÜTÜPHANECİLİK VE BİLGİLENDİRME FAALİYETLERİ,2550,,,,,
Devlet ve Halkla İlişkiler ,2500$,Azerbaycan Türkçesi,SOSYAL BİLİMLER VE PSİKOLOJİ,3400,Kütüphanecilik ve Bilgilendirme Faaliyetleri ,1600$,,,
Felsefe ,1500$,Azerbaycan Türkçesi,ULUSLARARASI İLİŞKİLER VE EKONOMİ,3400,Sosyal Bilimler ve Psikoloji ,2500$,,,
Filoloji (Rus Dili ve Edebiyatı),1500$,Azerbaycan Türkçesi,HUKUK,5950,Uluslararası İlişkiler ve Ekonomi ,2500$,,,
Filoloji (Fransız Dili ve Edebiyatı),1500$,Azerbaycan Türkçesi,,,Hukuk ,3500$,,,
Filoloji (Alman Dili ve Edebiyatı),1500$,Azerbaycan Türkçesi,,,,,,,
Filoloji (ArapDili ve Edebiyatı),1500$,Azerbaycan Türkçesi,,,,,,,
Filoloji (TürkDili ve Edebiyatı),1500$,Azerbaycan Türkçesi,,,,,,,
Filoloji (Fars Dili ve Edebiyatı),1500$,Azerbaycan Türkçesi,,,,,,,
Filoloji (İngiliz Dili ve Edebiyatı),1500$,Azerbaycan Türkçesi,,,,,,,
Filoloji (Çin Dili ve Edebiyatı),1500$,Azerbaycan Türkçesi,,,,,,,
Hukuk ,3500$,Azerbaycan Türkçesi - İNG,,,,,,,
Gazetecilik ,1500$,Azerbaycan Türkçesi,,,,,,,
Kütüphanecilik ve Bilgilendirme Faaliyetleri ,1500$,Azerbaycan Türkçesi,,,,,,,
Devlet ve Halkla İlişkiler ,2500$,Azerbaycan Türkçesi,,,,,,,
Bölgesel Çalışmalar (Arap Ülkeleri),1500$,Azerbaycan Türkçesi,,,,,,,
Bölgesel Çalışmalar (Türkiye Üzerine),1500$,Azerbaycan Türkçesi,,,,,,,
Bölgesel Çalışmalar (İran Üzerine),1500$,Azerbaycan Türkçesi,,,,,,,
Bölgesel Çalışmalar (Japonya Üzerine),1500$,Azerbaycan Türkçesi,,,,,,,
Bölgesel Çalışmalar (İsrail Üzerine),1500$,Azerbaycan Türkçesi,,,,,,,
Bölgesel Çalışmalar (Çin Üzerine),1500$,Azerbaycan Türkçesi,,,,,,,
Bölgesel Çalışmalar (Pakistan Üzerine),1500$,Azerbaycan Türkçesi,,,,,,,
Bölgesel Çalışmalar (Kore Üzerine),1500$,Azerbaycan Türkçesi,,,,,,,
Bölgesel Çalışmalar (Amerika Üzerine),1500$,Azerbaycan Türkçesi,,,,,,,
Bölgesel Çalışmalar (Kafkasya Üzerine),1500$,Azerbaycan Türkçesi,,,,,,,
Sosyoloji,1500$,Azerbaycan Türkçesi,,,,,,,
Tarih Öğretmenliği ,1500$,Azerbaycan Türkçesi,,,,,,,
Tercüme (Arap Dili),1500$,Azerbaycan Türkçesi,,,,,,,
Tercüme (Fars Dili),1500$,Azerbaycan Türkçesi,,,,,,,
Uluslararası Ticaret Ve Lojistik,2500$,Azerbaycan Türkçesi,,,,,,,
Sürdürülebilir Kalkınma Yöntemi,1500$,Azerbaycan Türkçesi,,,,,,,
Şirket Yönetimi,2500$,Azerbaycan Türkçesi,,,,,,,
Ekonomi,2500$,Azerbaycan Türkçesi,,,,,,,
Maliye,2500$,Azerbaycan Türkçesi,,,,,,,
Yönetim,2500$,Azerbaycan Türkçesi,,,,,,,
Biyoloji ,1500$,Azerbaycan Türkçesi,,,,,,,
Biyoteknoloji,2000$,Azerbaycan Türkçesi  - İNG,,,,,,,
Coğrafya ,1500$,Azerbaycan Türkçesi,,,,,,,
Ekoloji,1500$,Azerbaycan Türkçesi,,,,,,,
Fizik ,1500$,Azerbaycan Türkçesi,,,,,,,
Jeoloji,1500$,Azerbaycan Türkçesi,,,,,,,
Hidrometeroloji,1500$,Azerbaycan Türkçesi,,,,,,,
Kimya ,1500$,Azerbaycan Türkçesi,,,,,,,
Bilgisayar,1500$,Azerbaycan Türkçesi,,,,,,,
Makina,1500$,Azerbaycan Türkçesi,,,,,,,
Matematik,1500$,Azerbaycan Türkçesi,,,,,,,
Jeoloji ve Jeofizik Mühendisliği,1500$,Azerbaycan Türkçesi,,,,,,,
Geomatik ve Jeodezik Mühendisliği ,1500$,Azerbaycan Türkçesi,,,,,,,
Kimya Mühendisliği ,1500$,Azerbaycan Türkçesi,,,,,,,
Bilgi Güvenliği ,1500$,Azerbaycan Türkçesi,,,,,,,
Maden Mühendisliği ,1500$,Azerbaycan Türkçesi,,,,,,,
Mühendislik Fiziği ,1500$,Azerbaycan Türkçesi,,,,,,,
Gıda Mühendisliği ,1500$,Azerbaycan Türkçesi,,,,,,,
Su Biyolojik Kaynakları ve Su Ürünleri Yetiştiriciliği ,1500$,Azerbaycan Türkçesi,,,,,,,
Toprak bilimi ve Agrokimya ,1500$,Azerbaycan Türkçesi,,,,,,,
Arazi Yönetimi ve Gayrimenkul Kadastrosu,1500$,Azerbaycan Türkçesi,,,,,,,
Sosyal Hizmet ,2000$,Azerbaycan Türkçesi,,,,,,,
Turizm Çalışmalarının Organizasyonu ,1500$,Azerbaycan Türkçesi,,,,,,,
Bitki Koruma ,1500$,Azerbaycan Türkçesi,,,,,,,
AZERBAYCAN DEVLET İKTİSAT ÜNİVERSİTESİ,,DİL,YURT                                         ,YÜKSEK LİSANS ,ÜCRET,DOKTORA,ÜCRET,,
Maliye ,1550$,İngilizce*Türkçe,150$-250$ *Ev 500*600 Manat             ,Finans,2600$,Dijital pazarlama ,3000$,,
Muhasebe,1500$,İngilizce*Türkçe,,Muhasebe ve Denetim İngilizce,2600$,Dijital uzmanlık,3000$,,
İktisat,1360$,Azerbaycan Türkçesi - İNG,,Ekonomi ,2300$,Enerji Yönetimi BLOCKHAİN,3000$,,
İstatistik,1200$,Azerbaycan Türkçesi,,Uluslararası Ekonomik İlişkiler,2300$,MBA Dijital İşletme Yönetimi ,3000$,,
Ekoloji,1200$,Azerbaycan Türkçesi - RUSÇA,,Gümrük İşleri,2300$,Yapay zeka,3000$,,
Bilgisayar Bilimleri,1200$,Azerbaycan Türkçesi - RUSÇA,,Uluslararası Ticaret,2300$,Gıda Kalite Yönetimi,3000$,,
Uluslararası ticaret ve lojistik,1250$,Azerbaycan Türkçesi - İNG,,Uluslararası Finans ve döviz kredisi,2300$,Eğitim yönetimi, 5000$,,
Pazarlama,1250$,Azerbaycan Türkçesi - İNG - RUS,,İmalat sektöründe muhasebe ve denetim,2300$,,,,
İşletme yönetimi,1500$,Azerbaycan Türkçesi - İNG,,Hizmet sektöründe muhasebe ve denetim,2300$,,,,
Devlet Idaresi ve Yönetimi,1300$,Azerbaycan Türkçesi,,Bankacılık vergilendirme,2300$,,,,
İşletme,1300$,Azerbaycan Türkçesi - RUSÇA,,Güvenlik işlemlerinin organizasyonu,2300$,,,,
Bilişim Teknolojileri,1300$,Azerbaycan Türkçesi - RUSÇA,,Mali yönetim finansal Piyasalar ,2300$,,,,
Bilgi Güvenliği,1120$,Azerbaycan Türkçesi - İNG,,İş İdaresi ,2200$,,,,
Bilgisayar Teknolojileri Mühendisliği ,1100$,Azerbaycan Türkçesi - RUSÇA,,"Tasarım ve Teknik estetik Dizayn, Dünya Ekonomisi ",2200$,,,,
Dizayn Alana göre},1800$,Azerbaycan Türkçesi - RUSÇA,,İşletme,2200$,,,,
Gıda Muhendisliği ,1100$,Azerbaycan Türkçesi,, Personel yönetimi,2200$,,,,
Ekoloji Muhendisliği,1100$,Azerbaycan Türkçesi,,Pazarlama Lojistik ticaret,2200$,,,,
Elektrik Elektronik Mühendisliği ,1000$,Azerbaycan Türkçesi,,İşletme yönetimin Yönetimi,2200$,,,,
Sanayi Mühendisliği ,1000$,Azerbaycan Türkçesi,,Ticaret faaliyetleri,2200$,,,,
Makine Mühendisliği ,1000$,Azerbaycan Türkçesi,,Reklamcılık,2200$,,,,
Malzeme Mühendisliği ,1000$,Azerbaycan Türkçesi,,Elektronik ticaret ,2100$,,,,
,,,,Pazarlama,2100$,,,,
,,,,Endüstri Yönetimi Mühendisliği,2100$,,,,
,,,,Turizm Ekonomisi,2100$,,,,
,,,,Emek Ekonomisi,2100$,,,,
,,,,Ekonometri,2100$,,,,
,,,,Tarım ekonomisi Stratejik yönetim,2100$,,,,
,,,,İnovasyon ve proje yönetimi ,2000$,,,,
,,,,Ekonomi,2000$,,,,
,,,,İktisat,2000$,,,,
,,,,Mikroekonomik politika,2000$,,,,
,,,,Çevrebilim,2000$,,,,
,,,,Bilgisayar Bilimleri,2000$,,,,
,,,,Ticaret,2000$,,,,
,,,,Kamu Yönetim,2000$,,,,
,,,,Ekoloji,2000$,,,,
,,,,Yönetim Bilgi teknolojileri,2000$,,,,
,,,, Bilgi sistemleri mühendisliği,2000$,,,,
,,,,Bilgi sistemleri,2000$,,,,
,,,,Restorasyon ve çevre Koruma,2000$,,,,
,,,,Bilişim Teknolojileri telekomünikasyon,2000$,,,,
,,,,Uygulama yazılımı,2000$,,,,
,,,,Sosyal Çalışma ,2000$,,,,
,,,,Restorasyon yönetimi,2000$,,,,
,,,,Catering teknolojisi ve organizasyonu,2000$,,,,
,,,,Şarap Teknolojileri,2000$,,,,
,,,,Gıda Güvenliği ve gıda Mühendisliği,2000$,,,,
,,,,Gıda Pazarlama ve gümrük muayenesi,2000$,,,,
,,,,Tüketim malları Teknoloji Mühendisliği,2000$,,,,
,,,,Gıda tüketicilerin incelemesi ve mal pazarlanması,2000$,,,,
,,,,Metroloji ve iş güvenliği,2000$,,,,
,,,,İstatistik Yönetim,2000$,,,,
,,,,Teknolojik Makineler,2000$,,,,
,,,,Saha Ekipman Mühendisliği,2000$,,,,
,,,,Elektrik elektronik Mühendisliği ,1700$,,,,
,,,,Teknolojik gıda makine ekipmanları ve ticareti,1700$,,,,
,,,,Sosyal Medya ve pazarlaması,1700$,,,,
,,,,İşletme ve Veri analitiği,1700$,,,,
,,,,Sağlık Yönetimi,1700$,,,,
,,,,Spor Yönetimi,1700$,,,,
,,,,Mühendislik ve risk yönetimi,1700$,,,,
,,,,Turizm ve Otel İşletmeciliği,1700$,,,,
,,,,Proje yönetimi,1700$,,,,
,,,,Finans Uluslararası İşletme Pazarlama,1700$,,,,
,,,,Menkul kıymetler İşletme,1700$,,,,
,,,,İnsan kaynakları yönetimi,1700$,,,,
,,,,Banka ve sigorta yönetimi,1700$,,,,
,,,,Yönetim,1700$,,,,
,,,,Muhasebe,1700$,,,,
,,,,Uluslararası lojistik ve tedarik yönetimi,1700$,,,,
,,,,Siber güvenlik,1700$,,,,
,,,,Vergi yönetimi ve vergi planlaması,1700$,,,,
AZERBAYCAN HAVACILIK ÜNİVERSİTESİ  ,,DİL ,HAZIRLIK ÜCRETİ: 4706 $ 8.000 manat,,,,,,
Pilotajlık,- bu sene kayıt almıyor,İNGİLİZCE,ÖĞRENCİ HAZIRLIK DA OKUSA LİSANS DA OKUMAK İSTESE SKYPE ÜZERİNDEN SINAVA GİRİYOR,,,,,,
Uçak Mühendisliği ,- bu sene kayıt almıyor,İNGİLİZCE,"SINAV İÇERİĞİ MATEMATİK (MAT2) , FİZİK , GEOMETRİ VE DİL SINAVI",,,,,,
Havacılık ve Uzay Mühendisliği,4706 $ 8.000 manat,İNGİLİZCE,,,,,,,
Hava Ulaştırma ve Lojistik İşletmeciliği Mühendisliği,4706 $ 8.000 manat,Azerbaycan Türkçesi - İNG - RUS,,,,,,,
Havacılık Bilişim Teknolojileri,4706 $ 8.000 manat,Azerbaycan Türkçesi - İNG - RUS,,,,,,,
Hidrometeoroloji,4706 $ 8.000 manat,Azerbaycan Türkçesi - İNG - RUS,,,,,,,
Trafik Hava Kontrol Memurlugu,4706 $ 8.000 manat,Azerbaycan Türkçesi,,,,,,,
Havacılık Hukuku ,4706 $ 8.000 manat,Azerbaycan Türkçesi - RUSÇA,,,,,,,
Havacılık Cihaz Mühendisliği,4706 $ 8.000 manat,Azerbaycan Türkçesi - RUSÇA,,,,,,,
Bilgisayar Mühendisliği,4706 $ 8.000 manat,Azerbaycan Türkçesi - İNG - RUS,,,,,,,
NAHCIVAN DEVLET ÜNİVERSİTESİ,,DİL,EK BİLGİLER,YUKSEKLİSANS 2500$,DOKTORA,ÜCRET,,,
Tıp 6 Yıl,3000$,Azerbaycan Türkçesi,HAZIRLIK 3000$,Teknoloji Öğretmenliği,Anestezi ve Yoğun bakım,3500$,,,
Diş Hekimliği 5 Yıl,3000$,Azerbaycan Türkçesi,,Müzik Öğretmenliği ,Genel Cerrahi,3500$,,,
Ezcacılık 4 Yıl,3000$,Azerbaycan Türkçesi,OTURUM İZNİ ÜCRETİ ,Pedagoji Tarihi,Kardivasyüler Cerrahi,3500$,,,
Halk Sağlığı 4 Yıl,3000$,Azerbaycan Türkçesi,100$-150$,Tarih Öğretmenliği,Üroloji,3500$,,,
Hukuk,3000$,Azerbaycan Türkçesi,İki Dönem Kayıt Var,Türk Dünyası tarihi,Ebe ve Kadın hastalıkları ,3500$,,,
Veterinerlik 4 Yıl,1800$,Azerbaycan Türkçesi,1. Yurt 40$       ,Arkeoloji,Patoloji,3500$,,,
Askeri Tıp,1200$,Azerbaycan Türkçesi,2.Yurt 60$*100$          ,Mimari Eserler,Diş Hekimliği,3500$,,,
Psikoloji,1800$,Azerbaycan Türkçesi,Ev 100$-300$ ,Ceza Hukuku,Epidemoloji,3500$,,,
Mimarlık,1800$,Azerbaycan Türkçesi,,Oyunculuk Tarihi,Anıtların Restorasyonu,3500$,,,
Müzikoloji ,1800$,Azerbaycan Türkçesi,,Medeni ve Ekonomik Hukuk,Genel Pedagoji,1500$,,,
Enstrümantal Performans(Halk Calgıları),1800$,Azerbaycan Türkçesi,,Uluslararası İlişkiler ve Diplomasi,Mikrobiyoloji,3500$,,,
Enstrümantal Performans(Piyano),1800$,Azerbaycan Türkçesi,,Müzik Şarkıcılık vokal performansı,Müzik Sanatı,3500$,,,
Enstrümantal Performans(Yaylı Çalgılar),1800$,Azerbaycan Türkçesi,,Müzik Enstrümanları Ferformansı Tarihi,Sosyal Felsefe,1500$,,,
Oyunculuk Sanatı,1800$,Azerbaycan Türkçesi,,Müzik Eleştirmeni ,Umumi Felsefe,1500$,,,
Müzik Öğretmenliği,1800$,Azerbaycan Türkçesi,,Etnomüzikoloji*Bestecilik,Analiz ve Fonksiyonel Analiz,3500$,,,
Vokal Sanatı )Alana Göre),1800$,Azerbaycan Türkçesi,,Ekonomik İlişkiler,Eğitim ve yetiştirme Metadolojisi,1500$,,,
Güzel Sanatlar Öğretmenliği,1800$,Azerbaycan Türkçesi,,Ekonomi ,Genel Tarih,1500$,,,
Resim ,1800$,Azerbaycan Türkçesi,,Stratejik Yönetim,Mimarlık Tarihi  ve Restorasyonu,3500$,,,
Biyoloji,1200$,Azerbaycan Türkçesi,,Matematik Öğretmenliği,İktisat,3500$,,,
Biyoloji Öğretmenliği,1200$,Azerbaycan Türkçesi,,Bilişim Öğretmenliği,Matematik,3500$,,,
Kimya,1200$,Azerbaycan Türkçesi,,Fizik (Yarı İletken),Analiz,3500$,,,
Kimya Öğretmenliği,1200$,Azerbaycan Türkçesi,,Kimya Öğretmenliği,Foksiyonel analiz,3500$,,,
Coğrafya,1200$,Azerbaycan Türkçesi,,Botanik,Beden Eğitimi Öğretmenliği,1500$,,,
Coğrafya Öğretmenliği,1200$,Azerbaycan Türkçesi,,Veterinerlik Cerrahisi,,,,,
Sosyal Hizmetler ,1200$,Azerbaycan Türkçesi,,Biyoteknoloji,,,,,
Beden Eğitimi ve Spor,1200$,Azerbaycan Türkçesi,,Cografya Öğretmenliği,,,,,
Teknoloji Öğretmenliği,1200$,Azerbaycan Türkçesi,,Toprak Bilimi,,,,,
Antrenörlük,1200$,Azerbaycan Türkçesi,,Bitki Genetiği,,,,,
Felsefe,1200$,Azerbaycan Türkçesi,,Elektrik Sistemleri,,,,,
Bölgesel Calışmalar (Avrupa Üzerine),1200$,Azerbaycan Türkçesi,,Bilgi Teknolojileri,,,,,
Finans,1200$,Azerbaycan Türkçesi,,Yönetim Bilgi Sistemleri,,,,,
Uluslararası İlişkiler,1200$,Azerbaycan Türkçesi,,Telekomünikasyon Sistemleri,,,,,
Devlet ve Halkla İlişkiler,1200$,Azerbaycan Türkçesi,,Trafik güvenliği Organize,,,,,
Turizm İşletmeleri Organizasyonu,1200$,Azerbaycan Türkçesi,,Ekonomik Sosyal Caoğrafya,,,,,
Kamu Yönetimi,1200$,Azerbaycan Türkçesi,,Biyoloji Öğretmenliği,,,,,
Muhasebe,1200$,Azerbaycan Türkçesi,,Fiziksel Kimya,,,,,
Ekonomi  (Azerice*İng),1200$,Azerbaycan Türkçesi,,Mimarlık Restorasyon,,,,,
Pazarlama,1200$,Azerbaycan Türkçesi,,Bilgi ve Güvenlik,,,,,
Yönetim,1200$,Azerbaycan Türkçesi,,Güzel Sanatlar Öğretmenliği,,,,,
Uluslararası Ticaret ve Lojistik,1200$,Azerbaycan Türkçesi,,Şehircilik,,,,,
Azerbaycan Dili ve Edebiyatı Öğretmenliği,1200$,Azerbaycan Türkçesi,,Beden Eğitimi ve Spor,,,,,
Tarih Öğretmenliği,1200$,Azerbaycan Türkçesi,,Resim,,,,,
Gazetecilik Radyo TV,1200$,Azerbaycan Türkçesi,,Simultane Tecumanlık (İngilizce),,,,,
Kütüphancilik ve Arşiv Faaliyetleri,1200$,Azerbaycan Türkçesi,,Geometri,,,,,
Müzecilik ve Anıtların Korunması,1200$,Azerbaycan Türkçesi,,İş ve Yönetim Bankacılığı,,,,,
Tarih ,1200$,Azerbaycan Türkçesi,,Genel Psikoloji,,,,,
Fars Dili Edebiyatı,1200$,Azerbaycan Türkçesi,,Matematiksel Analiz,,,,,
İngilizce Dil Öğretmenliği,1200$,Azerbaycan Türkçesi,,Halk enstrümanları Öğretmenliği,,,,,
Fransızca Dil Öğretmenliği,1200$,Azerbaycan Türkçesi,,Eczacılık-Farmakoloji,,,,,
Almanca Dil Öğretmenliği,1200$,Azerbaycan Türkçesi,,Sosyal Hizmetler,,,,,
Rusça Dil Öğretmenliği,1200$,Azerbaycan Türkçesi,,Turizm ve Otel Yönetimi ,,,,,
Tercumanlık(İngilizce)Çeviri İngilizce,1200$,Azerbaycan Türkçesi,,Azerbaycan Dili ve Edebiyatı,,,,,
Matematik Öğretmenliği,1200$,Azerbaycan Türkçesi,,Kaynaklar,,,,,
Fizik*Fizik Öğretmenliği,1200$,Azerbaycan Türkçesi,,Radyo Tv Gazetecilik,,,,,
Matematik,1200$,Azerbaycan Türkçesi,,Kütüphane Bilimi,,,,,
Bilgi Teknolojileri,1200$,Azerbaycan Türkçesi,,Müze Çalışması ve Anıtların Korunması ,,,,,
Bilişim ,1200$,Azerbaycan Türkçesi,,Rus Dili Öğretmenliği,,,,,
Elektrik ve Elektronik Mühendisliği,1200$,Azerbaycan Türkçesi,,,,,,,
Islah Mühendisliği,1200$,Azerbaycan Türkçesi,,,,,,,
Proses Otomasyon Mühendisliği,1200$,Azerbaycan Türkçesi,,,,,,,
Güç Mühendisliği,1200$,Azerbaycan Türkçesi,,,,,,,
Ulaştırma Mühendisliği Kara*Tren*Hava,1200$,Azerbaycan Türkçesi,,,,,,,
Çevre Ekoloji Mühendisliği,1200$,Azerbaycan Türkçesi,,,,,,,
Bilgisayar Mühendisliği ,1200$,Azerbaycan Türkçesi,,,,,,,
Toprak Bilimi veEkoloji Tarım Kimyası,1200$,Azerbaycan Türkçesi,,,,,,,
Arazi Yapısı ve Gayrimenkul,1200$,Azerbaycan Türkçesi,,,,,,,
BiyoTeknoloji,1200$,Azerbaycan Türkçesi,,,,,,,
Pedagoji,1200$,Azerbaycan Türkçesi,,,,,,,
Yer Trafik Mühendisliği,1200$,Azerbaycan Türkçesi,,,,,,,
Elektrik Güç Mühendisliği,1200$,Azerbaycan Türkçesi,,,,,,,
Elektrik Mühendisliği,1200$,Azerbaycan Türkçesi,,,,,,,
Elektronik Bilgi Sistemleri Telekomünikasyon,1200$,Azerbaycan Türkçesi,,,,,,,
Su Kaynakları Mühendisliği ve Ekonomisi,1200$,Azerbaycan Türkçesi,,,,,,,
İnşaat Mühendisliği,1200$,Azerbaycan Türkçesi,,,,,,,
Jeodezi ve Kartografi Mühendisliği,1200$,Azerbaycan Türkçesi,,,,,,,
Geomatik ve Jeoloji Mühendisliği,1200$,Azerbaycan Türkçesi,,,,,,,
Ziraat  Mühendisliği,1200$,Azerbaycan Türkçesi,,,,,,,
Sivil savunma Güvenlik,1200$,Azerbaycan Türkçesi,,,,,,,
Doğa Bilimleri,1200$,Azerbaycan Türkçesi,,,,,,,
Enerji Mühendisliği,1200$,Azerbaycan Türkçesi,,,,,,,
BATI  HAZAR ÜNİVERSİTESİ ,,DİL,EK BİLGİLER,YÜKSEK LİSANS*DOKTORA,ÜCRET,,,,
Bilgi Sistem Güvenliği  ,2700$,Azerbaycan Türkçesi,HAZIRLIKSIZDA OLUR,Genetik ,2700$*3000$,,,,
Makine Mühendisliği,2700$,Azerbaycan Türkçesi,150$-250$ *Ev 500*600 Manat             ,Moleküler Biyoloji ,2700$*3000$,,,,
Cihaz Mühendisliği,2700$,Azerbaycan Türkçesi,OTURUM İZNİ ÜCRETİ ,Dil Bilimi,2700$*3000$,,,,
Mekatronik Ve Robotik Mühendisliği  ,2700$,Azerbaycan Türkçesi,100$-150$,Turizm ve Otel Yönetimi ,2700$*3000$,,,,
Ziraat ,2700$,Azerbaycan Türkçesi,,İşletme Yönetimi MBA,2700$*3000$,,,,
Bilişim Teknolojileri ,2700$,Azerbaycan Türkçesi,,Elektronik Ticaret İnovasyon Ve Proje Yönetimi ,2700$*3000$,,,,
Görsel Tasarım ,2700$,Azerbaycan Türkçesi,,Akıllı Şehir Sistemi Yönetimi,2700$*3000$,,,,
Sosyal Psikoloji ,2700$,Azerbaycan Türkçesi,,Kafkas Halkları ,2700$*3000$,,,,
Ekoloji,2700$,Azerbaycan Türkçesi,DOKTORA,Klinik Psikoloji – Sosyal Psikoloji ,2700$*3000$,,,,
Biyoloji ,2700$,Azerbaycan Türkçesi,Diplomasi,Yasal Psikoloji ,2700$*3000$,,,,
Psikoloji,2700$,Azerbaycan Türkçesi,Teknik Grafik dizayn,Uluslararası İlişkiler Ve Diplomasi ,2700$*3000$,,,,
Uluslararası İlişkiler ,2700$,Azerbaycan Türkçesi,Uluslararası İlişkiler,Bilgisayar Mühendisliği,2700$*3000$,,,,
Siyaset Bilimi ,2700$,Azerbaycan Türkçesi,Saha Ekonomisi,Yazılım Uygulamaları,2700$*3000$,,,,
 İngiliz Dili Ve Edebiyatı,2700$,Azerbaycan Türkçesi,Genel Ekonomi,Bilgi Sistemleri,2700$*3000$,,,,
Tercümanlık(İngilizce-Almanca-Fransızca-Çince ) ,2700$,Azerbaycan Türkçesi,Siyasi Kurumlar Felsefesi,Diplomasi,2700$*3000$,,,,
Turist Rehberi ,2700$,Azerbaycan Türkçesi,Dünya Edebiyatı,Ticaret,2700$*3000$,,,,
Kamu Yönetimi,2700$,Azerbaycan Türkçesi,Dünya Ekonomisi,Turizm ,2700$*3000$,,,,
Uluslararası Ticaret ve Lojistik  ,2700$,Azerbaycan Türkçesi,Maliye ve Finans Politikası,Biyoloji* Genetik Mühendisliği,2700$*3000$,,,,
Muhasebe *Pazarlama,2700$,Azerbaycan Türkçesi,Sistematik Analiz Yönetimi veBilgi işleme ,Dünya Ekonomisi,2700$*3000$,,,,
Turizm İşletmelerinin İşletilmesi,2700$,Azerbaycan Türkçesi,Alman dilleri ,Bilgisayar Mühendisliği*Yazılım*Yönetim Bilgi Sistemleri,2700$*3000$,,,,
Yönetim,2700$,Azerbaycan Türkçesi,,Bilgi Teknolojisi ve Sistem Mühendisliği,2700$*3000$,,,,
Finans ,2700$,Azerbaycan Türkçesi,,Tarih*Uluslararası Turizm,2700$*3000$,,,,
Ekonomi Sürdürebilir Kalkınma,2700$,Azerbaycan Türkçesi,,Sosyal Felsefe,2700$*3000$,,,,
Şirket  Yönetimi ,2700$,Azerbaycan Türkçesi,,Elektronik Ticaret,2700$*3000$,,,,
İşletme Yönetimi ,2700$,Azerbaycan Türkçesi,,Uluslararası Finans,2700$*3000$,,,,
BAKÜ AVRASYA ÜNİVERSİTESİ,,DİL ,,YÜKSEK LİSANS ,ÜCRET,DOKTORA ,ÜCRET,,
Azerbaycan Dili ve Edebiyatı,1000$,Azerbaycan Türkçesi,,Azerbaycan Dili ve Edebiyatı,1000$,Dil Teorisi,3000$,,
İngiliz Dili ve Edebiyatı,1000$,Azerbaycan Türkçesi,,İngiliz Dili ve Edebiyatı,1000$,Almanca Dilleri,3000$,,
İngilizce Öğretmenliği,1000$,Azerbaycan Türkçesi,,İngilizce Öğretmenliği,1000$,Azerbaycan Dili ve Edebiyatı,3000$,,
Matematik Öğretmenliği,1000$,Azerbaycan Türkçesi,,Matematik Öğretmenliği,1000$,Folklor Çalışmaları,3000$,,
Filoloji,1000$,Azerbaycan Türkçesi,,Filoloji,1000$,Uluslararası İlişkiler ,3000$,,
Türk Dili Edebiyatı,1000$,Azerbaycan Türkçesi,,Türk Dili Edebiyatı,1000$,Türkoloji ,3000$,,
Tercümanlık,1000$,Azerbaycan Türkçesi,,Tercümanlık,1000$,,,,
Bölgesel Çalışmalar,1000$,Azerbaycan Türkçesi,,Bölgesel Çalışmalar,1000$,,,,
Turizm ,1000$,Azerbaycan Türkçesi,,Ekonomi,1000$,,,,
Çalışmalar,1000$,Azerbaycan Türkçesi,,Matematik,1000$,,,,
Bilgisayar Teknolojileri,1000$,Azerbaycan Türkçesi,,,,,,,
İktisat,1000$,Azerbaycan Türkçesi,,,,,,,
Devlet ve Belediye İdaresi,1000$,Azerbaycan Türkçesi,,,,,,,
Ekonomi,1000$,Azerbaycan Türkçesi,,,,,,,
Matematik,1000$,Azerbaycan Türkçesi,,,,,,,
Avrupa İlişkileri,1000$,Azerbaycan Türkçesi,,,,,,,
Tercümanlık(İngilizce-Almanca-Fransızca- Arap Dili) ,1000$,Azerbaycan Türkçesi,,,,,,,
Türk Dili Edebiyatı,1000$,Azerbaycan Türkçesi,,,,,,,
İngiliz Dili ve Edebiyatı,1000$,Azerbaycan Türkçesi,,,,,,,
Sosyal İş,1000$,Azerbaycan Türkçesi,,,,,,,
İşletme,1000$,Azerbaycan Türkçesi,,,,,,,
Pazarlama,1000$,Azerbaycan Türkçesi,,,,,,,
Muhasebe,1000$,Azerbaycan Türkçesi,,,,,,,
Maliye ,1000$,Azerbaycan Türkçesi,,,,,,,
HAZAR ÜNİVERSİTESİ ,,DİL ,EK BİLGİLER,YÜKSEK LİSANS ,ÜCRET,DİL ,DOKTORA,ÜCRET,DİL 
Müzİk ve Güzel Sanatlar,5000$,Azerbaycan Türkçesi,HAZIRLIK FAKÜLTESİ YOK.,Fen Bilimleri Ensitütüsü,5000$,İngilizce,"Fen Bilimleri Ensitütüsü, ",5000$,İngilizce
İngiliz Dili ve Edebiyatı,5000$,Azerbaycan Türkçesi,,Beşeri Bilimler Eğitim Sosyal Bilimler Fakültesi,5000$,İngilizce,Beşeri Bilimler Eğitim Sosyal Bilimler Fakültesi,5000$,İngilizce
Psikoloji*Hukuk,5000$,Azerbaycan Türkçesi,,İktisat ve Yönetim Bilimleri Fakültesi Bölümleri ,5000$,İngilizce,İktisat ve Yönetim Bilimleri Fakültesi Bölümleri ,5000$,İngilizce
Siyaset Bilimi ve Felsefe,5000$,Azerbaycan Türkçesi,,Petrol Gaz Mühendisliği,5000$,ingilizce,Petrol Gaz Mühendisliği,5000$,İngilizce
Tarih ve Arkeoloji,5000$,Azerbaycan Türkçesi,,Siyaset Bilimi*Dünya Politikası,5000$,İngilizce,Dünya Ekonomisi,5000$,İngilizce
Mimarlık ve Tasarım,5000$,Azerbaycan Türkçesi,,Klinik Psikoloji ,5000$,ingilizce,Politika Teorisi,5000$,İngilizce
Ekonomi ve Yönetim,5000$,Azerbaycan Türkçesi,,Finans*Ekonomi*,5000$,İngilizce,Mikrobiyoloji,5000$,İngilizce
Fizik ve Elektronik ,5000$,Azerbaycan Türkçesi,,Turizm ve Otel İşletmeciliği,5000$,İngilizce,Moleküler Biyoloji,5000$,İngilizce
Yaşam Bilimleri* Bilişim ,5000$,Azerbaycan Türkçesi,,Pazarlama*,5000$,İngilizce,İmmunoloji,5000$,İngilizce
İnşaat Mühendisliği,5000$,Azerbaycan Türkçesi,,Psikoloji ,5000$,ingilizce,Genetik,5000$,İngilizce
Bilgisayar Mühendisliği ve Bilimi,5000$,Azerbaycan Türkçesi,,Petrol ve Gaz Mühendisliği,5000$,İngilizce,Nano Teknolojisi,5000$,İngilizce
Petrol Mühendisliği,5000$,Azerbaycan Türkçesi,,Bilgisayar Bilimi ve Networks,5000$,ingilizce,Genel Pedagoji ve Tarihi,5000$,İngilizce
Kimya ve Kimya Mühendisliği,5000$,Azerbaycan Türkçesi,,Bilgisayar  Bilimleri İnformatik,5000$,İngilizce,BiyoKimya,5000$,İngilizce
Matematik*RadyoTeknik Telekomünikasyon Mühendisliği,5000$,Azerbaycan Türkçesi,,Bilgisayar Mühendisliği,5000$,ingilizce,Analitik Kimya,5000$,İngilizce
Cografya ve Cevre Mühendisliği ,5000$,Azerbaycan Türkçesi,,,,,Bilgisayar Bilimi,5000$,İngilizce
Makine Mühendisliği ,5000$,Azerbaycan Türkçesi,,,,,,,
Turizm ve Otelcilik İşletmeciliği ,5000$,Azerbaycan Türkçesi,,,,,,,
GENCE DEVLET ÜNİVERSİTESİ,,DİL ,EK BİLGİLER,YUKSEK LİSANS ,ÜCRET,,,,
Botanik,600$,Azerbaycan Türkçesi,yurtlar 50-60 AZN üç kişilik odalar,Biyoloji , 900$,,,,
Kimya,600$,Azerbaycan Türkçesi,lisans 1000 manat,Bilgisayar, 900$,,,,
Hayvancılık,600$,Azerbaycan Türkçesi,yüksek lisans 1500 manat,Beden Eğitimi, 900$,,,,
Çevre,600$,Azerbaycan Türkçesi,,Turizm Otelcilik, 900$,,,,
Ekoloji ve Doğa Bilimleri,600$,Azerbaycan Türkçesi,,Sosyal İş, 900$,,,,
Matematik Enformatik,600$,Azerbaycan Türkçesi,,Ekoloji, 900$,,,,
Geometri ve Cebir,600$,Azerbaycan Türkçesi,,Coğrafya , 900$,,,,
Bilgisayar Bilimleri ve Bilişim Öğretmenliği,600$,Azerbaycan Türkçesi,,Yaş Psikolojisi , 900$,,,,
Fizik Öğretmenliği,600$,Azerbaycan Türkçesi,,Tarih, 900$,,,,
İktisat,600$,Azerbaycan Türkçesi,,Psikoloji , 900$,,,,
İşletme,600$,Azerbaycan Türkçesi,,Çocuk Psikolojisi, 900$,,,,
Makine Mühendisliği ve Teknolojileri,600$,Azerbaycan Türkçesi,,İngiliz Dili Tercumanlığı, 900$,,,,
Bilgisayar Bilişimi,600$,Azerbaycan Türkçesi,,Azerbaycan Filolojisi, 900$,,,,
Pedagoji ve Eğitim Metodolojisi,600$,Azerbaycan Türkçesi,,İngiliz Filolojisi, 900$,,,,
Psikoloji,600$,Azerbaycan Türkçesi,,Sosyal Pedagojı, 900$,,,,
Beden Eğitimi Kondisyon Savunma Sporları,600$,Azerbaycan Türkçesi,,Fizik Öğretmenliği, 900$,,,,
Fizik Öğretmenliği,600$,Azerbaycan Türkçesi,,Teknoloji Öğretmenliği, 900$,,,,
Tarih Öğretmenliği,600$,Azerbaycan Türkçesi,,Müzik Öğretmenliği, 900$,,,,
Almanca Öğretmenliği,600$,Azerbaycan Türkçesi,,Cografya Ögretmenliği, 900$,,,,
Rusça Öğretmenliği,600$,Azerbaycan Türkçesi,,Kimya Ögretmenliği, 900$,,,,
Fransızca Öğretmenliği,600$,Azerbaycan Türkçesi,,Biyoloji Ögretmenliği, 900$,,,,
İngilizce Öğretmenliği,600$,Azerbaycan Türkçesi,,Tarih Ögretmenliği, 900$,,,,
Matematik,600$,Azerbaycan Türkçesi,,Sınıf Ögretmenliği, 900$,,,,
Beden Eğitimi Öğretmenliği,600$,Azerbaycan Türkçesi,,Pedagoji , 900$,,,,
Kimya Öğretmenliği,600$,Azerbaycan Türkçesi,,Alman Dili Metodolojisi, 900$,,,,
Biyoloji Öğretmenliği,600$,Azerbaycan Türkçesi,,Rus Dili Metodolojisi, 900$,,,,
Müzik Öğretmenliği,600$,Azerbaycan Türkçesi,,Fransız Dili Metodolojisi, 900$,,,,
Siyaset Bilimi,600$,Azerbaycan Türkçesi,,,,,,,
Sosyoloji,600$,Azerbaycan Türkçesi,,,,,,,
Felsefe Öğretmenliği,600$,Azerbaycan Türkçesi,,,,,,,
Coğrafya Öğretmenliği,600$,Azerbaycan Türkçesi,,,,,,,
Pazarlama,600$,Azerbaycan Türkçesi,,,,,,,
Stratejik Analiz,600$,Azerbaycan Türkçesi,,,,,,,
Proje Yönetimi ve Fikri Mülkiyet,600$,Azerbaycan Türkçesi,,,,,,,
Emlak Yönetimi,600$,Azerbaycan Türkçesi,,,,,,,
AZERBAYCAN NAHÇIVAN ÖĞRETMENLİK ENSTİTÜSÜ ,HAZIRLIK 2250$ PAKET,DİL ,,YÜKSEK LİSANS ,ÜCRET ,,,,
İlkokul Öğretmenliği,1000$,Azerbaycan Türkçesi,,Okul öncesi Eğitim,1200$,,,,
Okul Öncesi Öğretmenliği,1000$,Azerbaycan Türkçesi,,Eğitimde Sosyal ve Psikoloji(PDR),1200$,,,,
Matematik ve Bilgisayar Bilimleri Öğretmenliği,1000$,Azerbaycan Türkçesi,,Psikoloji ,1200$,,,,
Güzel İnce sanatlar Öğretmenliği,1000$,Azerbaycan Türkçesi,,,,,,,
Psikoloji,1000$,Azerbaycan Türkçesi,,,,,,,
Eğitimde Sosyo-Psikolojik destek(PDR),1000$,Azerbaycan Türkçesi,,,,,,,
Kütüphanecilik ve Bilgi sistemleri,1000$,Azerbaycan Türkçesi,,,,,,,
Biyoloji öğretmenliği,1000$,Azerbaycan Türkçesi,,,,,,,
Rusça Dili Öğretmenliği,1000$,Azerbaycan Türkçesi,,,,,,,
İngilizce Dili Öğretmenliği,1000$,Azerbaycan Türkçesi,,,,,,,
Tarih Öğretmenliği,1000$,Azerbaycan Türkçesi,,,,,,,
Sanat Tarihi,1000$,Azerbaycan Türkçesi,,,,,,,
Resim,1000$,Azerbaycan Türkçesi,,,,,,,
Ebru Sanatı,1000$,Azerbaycan Türkçesi,,,,,,,
Halı okulu,1000$,Azerbaycan Türkçesi,,,,,,,
Heykel,1000$,Azerbaycan Türkçesi,,,,,,,
Plastik,1000$,Azerbaycan Türkçesi,,,,,,,
Grafik,1000$,Azerbaycan Türkçesi,,,,,,,
Dekoratif,1000$,Azerbaycan Türkçesi,,,,,,,
Matematik ve Bilişim,1000$,Azerbaycan Türkçesi,,,,,,,
Teknoloji Öğretmenliği,1000$,Azerbaycan Türkçesi,,,,,,,
Oyunculuk,1000$,Azerbaycan Türkçesi,,,,,,,
Vokal,1000$,Azerbaycan Türkçesi,,,,,,,
Koro,1000$,Azerbaycan Türkçesi,,,,,,,
Müzik Öğretmenliği ,1000$,Azerbaycan Türkçesi,,,,,,,
BAKÜ MÜZİK AKADEMİSİ,,DİL ,,YÜKSEK LİSANS ,ÜCRET,DİL ,,,
Piyano,2100$,Azerbaycan Türkçesi - Rusça,BÖLÜME GÖRE MÜLAKAT VAR.,Piyano,2100$*2500$,Azerbaycan Türkçesi,,,
Org,2100$,Azerbaycan Türkçesi - Rusça,,Org,2100$*2500$,Azerbaycan Türkçesi,,,
Müzik Öğretmenliği,2100$,Azerbaycan Türkçesi - Rusça,,Müzik Öğretmenliği,2100$*2500$,Azerbaycan Türkçesi,,,
Keman,2100$,Azerbaycan Türkçesi - Rusça,,Keman,2100$*2500$,Azerbaycan Türkçesi,,,
Çello,2100$,Azerbaycan Türkçesi - Rusça,,Çello,2100$*2500$,Azerbaycan Türkçesi,,,
Viola,2100$,Azerbaycan Türkçesi - Rusça,,Viola,2100$*2500$,Azerbaycan Türkçesi,,,
Arp,2100$,Azerbaycan Türkçesi - Rusça,,Arp,2100$*2500$,Azerbaycan Türkçesi,,,
Kontrabas,2100$,Azerbaycan Türkçesi - Rusça,,Kontrabas,2100$*2500$,Azerbaycan Türkçesi,,,
Solo Okuma,2100$,Azerbaycan Türkçesi - Rusça,,Solo Okuma,2100$*2500$,Azerbaycan Türkçesi,,,
Pop ve Caz,2100$,Azerbaycan Türkçesi - Rusça,,Pop ve Caz,2100$*2500$,Azerbaycan Türkçesi,,,
Bestecilik,2100$,Azerbaycan Türkçesi - Rusça,,Bestecilik,2100$*2500$,Azerbaycan Türkçesi,,,
Müzik Bilimi,2100$,Azerbaycan Türkçesi - Rusça,,Müzik Bilimi,2100$*2500$,Azerbaycan Türkçesi,,,
Orkestra Şefliği ,2100$,Azerbaycan Türkçesi - Rusça,,Orkestra Şefliği ,2100$*2500$,Azerbaycan Türkçesi,,,
Flüt,2100$,Azerbaycan Türkçesi,,Flüt,2100$*2500$,Azerbaycan Türkçesi,,,
Obua,2100$,Azerbaycan Türkçesi,,Obua,2100$*2500$,Azerbaycan Türkçesi,,,
Klarnet,2100$,Azerbaycan Türkçesi,,Klarnet,2100$*2500$,Azerbaycan Türkçesi,,,
Trombon,2100$,Azerbaycan Türkçesi,,Trombon,2100$*2500$,Azerbaycan Türkçesi,,,
Tuba,2100$,Azerbaycan Türkçesi,,Tuba,2100$*2500$,Azerbaycan Türkçesi,,,
Saksafon,2100$,Azerbaycan Türkçesi,,Saksafon,2100$*2500$,Azerbaycan Türkçesi,,,
Büyük ve Küçük Davul ,2100$,Azerbaycan Türkçesi,,Büyük ve Küçük Davul ,2100$*2500$,Azerbaycan Türkçesi,,,
BAKÜ KOREOGRAFİ AKADEMİSİ ,,DİL ,,,,,,,
Klasik Dans,1800$,Azerbaycan Türkçesi,,,,,,,
Milli Dans,1800$,Azerbaycan Türkçesi,,,,,,,
Modern Dans,1800$,Azerbaycan Türkçesi,,,,,,,
Balet Rejisörlüğü,1800$,Azerbaycan Türkçesi,,,,,,,
Dans,1800$,Azerbaycan Türkçesi,,,,,,,
Sanat Eleştirmenliği,1800$,Azerbaycan Türkçesi,,,,,,,
Yapımcı,1800$,Azerbaycan Türkçesi,,,,,,,
Müzik Öğretmenliği,1800$,Azerbaycan Türkçesi,,,,,,,
Halk Çalgıları,1800$,Azerbaycan Türkçesi,,,,,,,
Tasarım,1800$,Azerbaycan Türkçesi,,,,,,,
Yönlendirme Kareografi,1800$,Azerbaycan Türkçesi,,,,,,,
GENCE DEVLET TARIM ÜNİVERSİTESİ ,,DİL,EK BİLGİLER,YÜKSEK LİSANS ,ÜCRET,DİL,DOKTORA,,
Veterinerlik ,2500$,Azerbaycan Türkçesi,YURT                                         ,İktisat,1500$,Azerbaycan Türkçesi,Veterinerlik ,İngilizce*Rusça ,
Eczacılık (4 Yıl) ,2500$,Azerbaycan Türkçesi,YILLIK YURT 650$ ,Tasarım*Dizayn,1800$,Azerbaycan Türkçesi,Bitki  Koruma,İngilizce*Rusça ,
Tarla Bitkileri,2500$,Azerbaycan Türkçesi,GÜNLÜK YEMEK İÇME 2$ DENK,Peyzaj,1500$,Azerbaycan Türkçesi,Farmakoloji ,İngilizce*Rusça ,
Tasarım,2500$,Azerbaycan Türkçesi,GELİYOR.,Uluslarası Ekonomik İlişkiler ,1500$,Azerbaycan Türkçesi,Ormancılık,İngilizce*Rusça ,
Yönetim,2500$,Azerbaycan Türkçesi,,Muhasebe ve Vergilendirme,1500$,Azerbaycan Türkçesi,Tarım ,İngilizce*Rusça ,
Ekoloji,2000$,Azerbaycan Türkçesi,YURTLARDA ERKEK-KIZ AYRI,Muhasebe*Yönetim,1500$,Azerbaycan Türkçesi,Hayvancılık ,İngilizce*Rusça ,
Elektrik Mühendisliği,2500$,Azerbaycan Türkçesi,DİPLOMA NOTU SINIRI YOK,İşletme Yönetimi MBA,1500$,Azerbaycan Türkçesi,Gıda Ürünleri Teknolojisi,İngilizce*Rusça ,
Ziraat Mühendisliği,2200$,Azerbaycan Türkçesi,,Pazarlama,1500$,Azerbaycan Türkçesi,Bitki Genetik ,İngilizce*Rusça ,
Zooteknik (Hayvan Evcilleştirme Uzmanı ),2500$,Azerbaycan Türkçesi,ECZACILIK 4 YILDIR YÖK E BAŞVURU ,Biyoloji ve Tarım,1500$,Azerbaycan Türkçesi,Mikrobiyoloji,İngilizce*Rusça ,
Muhasebe*Pazarlama*Ekonomi*İşletmecilik,2500$,Azerbaycan Türkçesi,YAPTIKTAN SONRA BİR YIL TÜRKİYEDE ,Bilgi Teknolojisi ve Sistem Mühendisliği,1500$,Azerbaycan Türkçesi,Parazitoloji,İngilizce*Rusça ,
Toprak Bilimi ve Zirai Kimya Maliye,2200$,Azerbaycan Türkçesi,TAMAMLAMA YAPACAKTIR.,İş Yönetimi,1500$,Azerbaycan Türkçesi,Tarım Mühendisliği,İngilizce*Rusça ,
Enerji Mühendisliği,2500$,Azerbaycan Türkçesi,,Gıda Mühendisliği,1500$,Azerbaycan Türkçesi,Ekoloji,İngilizce*Rusça ,
Devlet ve Belediye Yönetimi,2500$,Azerbaycan Türkçesi,HAZIRLIK OKUMA ŞARTI YOKTUR.,Şarapçılık ve Fermantasyon Teknolojisi,1500$,Azerbaycan Türkçesi,Toprak Bilimi,İngilizce*Rusça ,
Elektroenerji Mühendisliği,2500$,Azerbaycan Türkçesi,HAYVAN HASTANESİ VE ÇİFLİĞİ,Bitkisel Ürünlerin Depolama ve İşleme Teknolojisi ,1500$,Azerbaycan Türkçesi,Meyvecilik ve Bağcılık,İngilizce*Rusça ,
Makine Mühendisliği,2500$,Azerbaycan Türkçesi,VARDIR.,Tüketim Mallarının Uzmanlığı ve Pazarlaması,1500$,Azerbaycan Türkçesi,Arazi ve Kadastro,İngilizce*Rusça ,
Yerüstü Taşıma Mühendisliği,2500$,Azerbaycan Türkçesi,,Botanik tarım,1500$,Azerbaycan Türkçesi,,,
Otomasyon Mühendisliği,2500$,Azerbaycan Türkçesi,,Ekoloji,1500$,Azerbaycan Türkçesi,,,
Bilgi Teknolojileri,2500$,Azerbaycan Türkçesi,,Toprak Bilimi ve Zirai Kimya,1500$,Azerbaycan Türkçesi,,,
Gıda Mühendisliği,2200$,Azerbaycan Türkçesi,,Elektrogenetik Mühendisliği,1500$,Azerbaycan Türkçesi,,,
Jeodezi Mühendisliği,2500$,Azerbaycan Türkçesi,,Makine Mühendisliğ,1500$,Azerbaycan Türkçesi,,,
Metroloji Mühendisliği,2500$,Azerbaycan Türkçesi,,Elektrik Mühendisliği,1500$,Azerbaycan Türkçesi,,,
Bitki Koruma* Bahçe ve Sebzecilik,2500$,Azerbaycan Türkçesi,,Metroloji Mühendisliği,1500$,Azerbaycan Türkçesi,,,
Tarım,2500$,Azerbaycan Türkçesi,,Ekoloji Mühendisliği,1500$,Azerbaycan Türkçesi,,,
Şarap Teknolojisi,2500$,Azerbaycan Türkçesi,,Veteriner Eczanesi,1500$,Azerbaycan Türkçesi,,,
Arazi Yönetimi,2500$,Azerbaycan Türkçesi,,Zootekni,1500$,Azerbaycan Türkçesi,,,
Balıkçılık,2500$,Azerbaycan Türkçesi,,Toprak Kadastrosu,1500$,Azerbaycan Türkçesi,,,
Ormancılık,2500$,Azerbaycan Türkçesi,,Ziraat Mühendisliği,1500$,Azerbaycan Türkçesi,,,
Su Biyo Kaynakları ve Su Bitkileri,2500$,Azerbaycan Türkçesi,,Balıkçılık,1500$,Azerbaycan Türkçesi,,,
Hayvanat Bahcesi Muhendisliği,2500$,Azerbaycan Türkçesi,,Ormancılık,1500$,Azerbaycan Türkçesi,,,
Bilişim Mühendisliği,2500$,Azerbaycan Türkçesi,,Farmokoloji,2000$,Azerbaycan Türkçesi,,,
Bilgisayar Mühendisliği,2500$,Azerbaycan Türkçesi,,Veterinerlik Sıhhı Uzmanlık,2000$,Azerbaycan Türkçesi,,,
,,,,Epizooloji ve Bulaşıcı Hastalıklar,2000$,Azerbaycan Türkçesi,,,
,,,,Su biyolojik kaynakları ,1500$,Azerbaycan Türkçesi,,,
AZERBAYCAN BEDEN EĞİTİMİ VE SPOR AKADEMİSİ ,,DİL,,YÜKSEK LİSANS ,ÜCRET,DİL,,,
Antranörlük(Voleybol*Halter*Boks*Halter*Boks*Güreş*Hentbol*Basketbol*Jimlastik*Dövüş*Oyun Sporları Rekreasyon,1500$,Azerice,,Spor Yönetimi,2650$,İng,,,
Beden Eğitimi ve Öğretmenliği,1500$,Azerice,,Kineziterapi ,1800$,Azerbaycan Türkçesi,,,
Beden Eğitimi ve Spor ,1500$,Azerice,,Spor Gazeteciliği,1800$,Azerbaycan Türkçesi,,,
Spor Hekimliği  ve Rehabilitasyon Fizyoterapi,1500$,Azerice,,Sporda Tıbbi ve Biyolojik Destek,1800$,Azerbaycan Türkçesi,,,
Spor Gazeteciliği,2500$,İngilizce,,,,,,,
Spor Yönetimi,2500$,İngilizce,,,,,,,
BAKU GIDA SANAYİ ÜNİVERSİTESİ,,,,,,,,,
Turizm ve Otel Yönetimi,1000$,,,,,,,,
Şarap Yapımı ve Fermantasyon,1000$,,,,,,,,
Konserve Üretimi,1000$,,,,,,,,
Tüketim Malları Müdürü,1000$,,,,,,,,
Gıda Teknolojisi Güvenliği,1000$,,,,,,,,
Et ve Et Teknolojisi,1000$,,,,,,,,
Gıda Kalite Kontrol,1000$,,,,,,,,
Catering İşletme Hizmetleri ,1000$,,,,,,,,
Ekmek ve Unlu Mamuller Teknolojisi ,1000$,,,,,,,,
AZERBAYCAN MEDENİYET VE İNCE SANAT ÜNİVERSİTESİ ,HAZIRLIK  900 usd,DİL ,,YÜKSEK LİSANS *DOKTORA,ÜCRET*ÜCRET ,,,,
Kitaplık,2000$,Azerbaycan Türkçesi,,Müze Bilimi,2500$*3000$,,,,
Uluslararası İlişkiler,2000$,Azerbaycan Türkçesi,,Arşiv ve Anıtların Korunması,2500$*3000$,,,,
Müze Bilim,2000$,Azerbaycan Türkçesi,,Arkeolojik ve Tarihi Mimarlık Anıtlarının Korunması,2500$*3000$,,,,
Arşivcilik ve Tarihi Anıtların Korunması,2000$,Azerbaycan Türkçesi,,Sanat Bilimi,2500$*3000$,,,,
Sanat Bilimi,2000$,Azerbaycan Türkçesi,,Kültür Teorisi,2500$*3000$,,,,
Enstrümantal ,2000$,Azerbaycan Türkçesi,,Güzel Sanatlar Tarihi ve Teorisi,2500$*3000$,,,,
Solo Okuma,2000$,Azerbaycan Türkçesi,,Enstrümantal İfacılık,2500$*3000$,,,,
Orkestra Şefliği,2000$,Azerbaycan Türkçesi,,Solo Okuma,2500$*3000$,,,,
Bestecilik,2000$,Azerbaycan Türkçesi,,Müzik Bilimi,2500$*3000$,,,,
Müzik Bilimi,2000$,Azerbaycan Türkçesi,,Müziksel Eleştiri,2500$*3000$,,,,
Kareografi,2000$,Azerbaycan Türkçesi,,Kareografi Sanatı,2500$*3000$,,,,
Varyete Sanatı,2000$,Azerbaycan Türkçesi,,Kareografi Sanatının Tarihi ve Teorisi,2500$*3000$,,,,
Halk Çalgıları,2000$,Azerbaycan Türkçesi,,Varyete Sanatı,2500$*3000$,,,,
Oyunculuk  Sanatı,2000$,Azerbaycan Türkçesi,,Halk Çalgıları İfacılığı,2500$*3000$,,,,
Dekoratif Sanat,2000$,Azerbaycan Türkçesi,,Oyunculuk Sanatı,2500$*3000$,,,,
Tiyatroculuk,2000$,Azerbaycan Türkçesi,,Dekoratif Sanat,2500$*3000$,,,,
Sanatsal Yaratıcılık ve Ekran Dramatürjisi,2000$,Azerbaycan Türkçesi,,Tiyatroculuk,2500$*3000$,,,,
Yönetmenlik,2000$,Azerbaycan Türkçesi,,Sanatsal Yaratıcılık ve Ekran Dramatürjisi,2500$*3000$,,,,
Sinemacılık,2000$,Azerbaycan Türkçesi,,Yönetmenlik,2500$*3000$,,,,
Operatör Sanatı,2000$,Azerbaycan Türkçesi,,Sinemacılık,2500$*3000$,,,,
Resim,2000$,Azerbaycan Türkçesi,,Sinema Tarihi ve Teorisi,2500$*3000$,,,,
Grafik,2000$,Azerbaycan Türkçesi,,Operatör Sanatı,2500$*3000$,,,,
Tasarım,2000$,Azerbaycan Türkçesi,,Renk Bilimi,2500$*3000$,,,,
ADA (DİPLOMATİK AKADEMİ) ÜNİVERSİTESİ,,DİL,,,,,,,
Bilgisayar Bilimleri BT,5000$,İngilizce,,,,,,,
Bilişim Teknolojileri Mühendisliği,5000$,ingilizce,,,,,,,
Matematik,5000$,ingilizce,,,,,,,
Elektrik ve Elektronik Mühendisliği,5000$,İngilizce,,,,,,,
İletişim ve Dijital Medya,5000$,ingilizce,,,,,,,
Devlet ve Sosyal İlişkişer,5000$,ingilizce,,,,,,,
Uluslararası İlişkiler,5000$,ingilizce,,,,,,,
Halkla İlişkiler,5000$,ingilizce,,,,,,,
Finans,5000$,ingilizce,,,,,,,
İş Yönetimi,5000$,ingilizce,,,,,,,
Ekonomi,5000$,ingilizce,,,,,,,
AZERBAYCAN DEVLET RESSAMLIK SANATLAR ÜNİVERSİTESİ,,DİL,,YÜKSEK LİSANS-DOKTORA,ÜCRET,DİL,,,
Grafik,3550$,Azerbaycan Türkçesi - Rusça,,Sanat Tarihi,4700$*10000$,Azerbaycan Türkçesi,,,
Mimarlık ve Dizayn,3550$,Azerbaycan Türkçesi - Rusça,,İnsan Bilimi,4700$*10000$,Azerbaycan Türkçesi,,,
Heykeltıraş,3550$,Azerbaycan Türkçesi - Rusça,,Sanat Tasarımı,4700$*10000$,Azerbaycan Türkçesi,,,
Dizayn,3550$,Azerbaycan Türkçesi - Rusça,,,,,,,
Resim Bilimi (Renkgarlık),3550$,Azerbaycan Türkçesi - Rusça,,,,,,,
Resim,3550$,Azerbaycan Türkçesi - Rusça,,,,,,,
Kıyafet Tasarımı,3550$,Azerbaycan Türkçesi - Rusça,,,,,,,
Uygulamalı Dekoratif Sanat,3550$,Azerbaycan Türkçesi - Rusça,,,,,,,
Yönetmenlik,3550$,Azerbaycan Türkçesi - Rusça,,,,,,,
Tiyatro,3550$,Azerbaycan Türkçesi - Rusça,,,,,,,
Sinemacılık,3550$,Azerbaycan Türkçesi - Rusça,,,,,,,
Mimarlık ve Dizayn,3550$,Azerbaycan Türkçesi - Rusça,,,,,,,
Güzel sanatlar ,3550$,Azerbaycan Türkçesi - Rusça,,,,,,,
El Sanatları,3550$,Azerbaycan Türkçesi - Rusça,,,,,,,
Sanat Tarihi,3550$,Azerbaycan Türkçesi - Rusça,,,,,,,
AZERBAYCAN TURİZM VE YÖNETİM ÜNİVERSİTESİ,,DİL,,YUKSEKLİSANS*DOKTORA,,,,,
Bölge Bilimi,1500$,Azerbaycan Türkçesi - Rusça,,Turizm Organizasyonları ve Planlaması,1250$,İngilizce,,,
"Macera, Extrimal ve Dağ Turizmi",1500$,Azerbaycan Türkçesi - Rusça,,Sürdürülebilir Turizm Yönetimi,1250$,İngilizce,,,
"Müzecilik, Arşivcilik ve Anıtların Korunması",1500$,Azerbaycan Türkçesi - Rusça,,Müzecilik,1250$,İngilizce,,,
Pazarlama,1500$,Azerbaycan Türkçesi - Rusça,,Uluslararası Turizm,1250$,Azerice*İngilizce,,,
Sosyal İş,1500$,Azerbaycan Türkçesi - Rusça,,Turizm,1250$,İngilizce,,,
Tercümanlık,1500$,Azerbaycan Türkçesi - Rusça - İng,,,,,,,
Ulaşım Servisi,1500$,Azerbaycan Türkçesi - Rusça,,,,,,,
Turizm,1500$,Azerbaycan Türkçesi - İngilizce,,,,,,,
Uluslararası Turizm,1500$,Azerbaycan Türkçesi - İngilizce,,,,,,,
Turizm ve Otel İşletmeciliği,1500$,Azerbaycan Türkçesi - İngilizce,,,,,,,
Turizm Rehberliği,1500$,Azerbaycan Türkçesi - İngilizce,,,,,,,
Gıda Ürünleri Mühendisliği,1500$,Azerbaycan Türkçesi - Rusça,,,,,,,
Turizm ve Otel*Restoran İşletmeciliği,1500$,Azerbaycan Türkçesi - İngilizce,Amerikadan CİFTTE DİPLOMA,,,,,,
Sürdürülebilir Turizm Yönetimi,1500$,Azerbaycan Türkçesi - Rusça,,,,,,,
Otelcilik ve Turizmde Avrupa İşletme Lisans,1500$,Azerbaycan Türkçesi - İngilizce,Amerikadan CİFTTE DİPLOMA,,,,,,
İşletme,1500$,Azerbaycan Türkçesi - Rusça - İng,,,,,,,