                         MOLDOVA ÜNİVERSİTELERİ ,,ÜNİVERSİTE ÜCRETLERİ YILLIK HESAPLANMIŞTIR LEİ OLARAK OKULLARA ÖDEME YAPILIR ,,,,,,
MOLDOVA USEM  HUKUK AKADEMİSİ ,Hukuk,1.300 €,Romence*Rusça,4 Yıl*ULİM ÜNİVERSİTESİNE BAĞLIDIR,Kayıt Masrafları ve Rehberlik 1000€,,,
KOMRAD DEVLET ÜNİVERSİTESİ,LİSANS YILLIK,DİL HAZIRLIK 800$,YIL,EK GİDERLER ,YUKSEKLİSANS,,,
İngilizce Öğretmenliği  ÖSYM ile Kazanan,850$,Romence,3 Yıl,Kayıt Masrafları ve Rehberlik 1000€,Ceza Hukuku,1550$,,
Rus Dili ve Edebiyatı ÖSYM ile Kazanan,850$,Romence,3 Yıl,Evrak İşlemleri Onaya Hazırlanması,Sivil Hukuk ,1550$,,
İşletme Yönetimi ,1250$,Romence,3 Yıl,Bakanlık ve Okul Kayıt Harcı,İş Birliği Hukuku,1550$,,
Turizm ve Konaklama ve Eğlence Yönetimi,1250$,Romence,3 Yıl,Onayın ve İkamet bildirimi,Yerel Kamu Yönetimi,2000$,,
Finans ve Bankacılık,1250$,Romence,3 Yıl,Bireysel Seyahat Giderleri,Eğitimde Yönetim,1550$,,
Muhasebe,1250$,Romence,3 Yıl,Konaklam Giderleri,Müzik Eğitimi,1550$,,
Bilişim,1250$,Romence,3 Yıl,Seyahat Sigortası ,İlkokul Öğretmenliği,1550$,,
Bilgisayar Bilimi ve Matematik,1250$,Romence,3 Yıl,Yeme ve İçme (Market),Endüstrilerde Muhasebe ve Denetim,2000$,,
Okul Öncesi Öğretmenliği,1250$,Romence,3 Yıl,Vize 90€*Oturum İzni 100€,Kurumsal Finansman,2000$,,
İlkokul  Sınıf Öğretmenliği,1250$,Romence,3 Yıl,2500€ Bankada Gösterilir,İş İdaresi,2000$,,
Türk Dili ve Edebiyatı,1250$,Romence,3 Yıl,Konsolosluklar,Tarım Üretim Yönetimi,1550$,,
Tarih,1250$,Romence,4 Yıl,İstanbul Bursa Antalya*Ankara,Avrupa Komşuluk Siyaseti Hukuki Yönleri,2000$,,
Coğrafya ,1250$,Romence,3 Yıl,EĞİTİMLER ,Rus Dili ve Edebiyatı,1550$,,
Yabancı Diller (İngilizce*Almanca),1250$,Romence,3 Yıl,3+2* 4+1  Şeklindendir ,,,,
Gazetecilik ve Medya ,1250$,Romence,3 Yıl,1 ve 2 Yükseklisanslardır.,,,,
Müzik,1250$,Romence,3 Yıl,KONAKLAMA ,,,,
Bahçe Bitkileri,1250$,Romence,4 Yıl,YURT,,,,
Gıda Teknolojisi,1250$,Romence,4 Yıl,10$*20$,,,,
Tarım Ürünlerinin Üretimi ve İşlenmesi Mühendisliği ve Yönetimi,1250$,Romence,4 Yıl,Ev 100*200$ ,,,,
Hukuk,1250$,Romence,3 Yıl,İsim Soyad Değişikliği Belgesi,,,,
Kamu Yönetimi,1250$,Romence,3 Yıl,,,,,
MOLDOVA DEVLET ÜNİVERSİTESİ ,LİSANS YILLIK,DİL,YIL,EK GİDERLER ,YUKSEKLİSANS 2 Yıl,ÜCRET ,DOKTORA 3 Yıl,ÜCRET 
Arkeoloji ,1.000 €,Romence,,Kayıt Masrafları ve Rehberlik 1000€,Kültürel Miras,1.200 €,Psikoloji  ve Eğitim Bilimleri,1.600 €
Antropoloji,1.000 €,Romence,,Evrak İşlemleri Onaya Hazırlanması,Dinler Tarihi ve Kültürü,1.200 €,Genel Psikoloji,1.600 €
Felsefe,1.000 €,Romence,,Bakanlık ve Okul Kayıt Harcı,Çağdaş Filozoflar,1.200 €,Sosyal Bilimler,1.600 €
Tarih ,1.000 €,Romence,,Onayın ve İkamet bildirimi,Bilgi Teknolojileri,1.200 €,Matematik Bilişim Bilimleri,1.600 €
Fizik *Fizik Öğretmenliği,1.000 €,Romence,,Bireysel Seyahat Giderleri,Çevre Mühendisliği Ölçüm Prosedürleri,1.200 €,Edebiyat,1.600 €
Mühendislik ve Kalite Yönetimi,1.000 €,Romence,,Konaklam Giderleri,Fizik,1.200 €,Dil Bilimi,1.600 €
Bilgi Teknolojisi,1.000 €,Romence,,Seyahat Sigortası ,Medya Tanıtım ve Video prodüksiyon,1.200 €,,
Gazetecilik ,1.000 €,Romence,,Yeme ve İçme (Market),Ceza Hukuku,1.200 €,,
İletişim ve Halkla İlişkiler,1.000 €,Romence,,Vize 90€*Oturum İzni 100€,Sivil Yargı Hukuku,1.200 €,,
Multi Medya,1.000 €,Romence,,2500€ Bankada Gösterilir,Cezai ve Kriminalist İşlemler,1.200 €,,
Hukuk,1.000 €,Romence,,Konsolosluklar,Uluslararası Hukuk,1.200 €,,
Kimya* Kimya Öğretmenliği,1.000 €,Romence,,İstanbul Bursa Antalya*Ankara,Kozmetik ilaç ve Çevre Endüstriyel Modern Teknolojiler,1.200 €,,
Biyofarmasötik Kimya,1.000 €,Romence,,EĞİTİMLER ,Biyofarmasötik Kimya Malzemeleri,1.200 €,,
Endüstriyel Kimyasal Teknoloji ,1.000 €,Romence,,3+2* 4+1  Şeklindendir ,Biyolojik Bilimler,1.200 €,,
Kozmetik ve Tıbbi Ürün Teknolojileri,1.000 €,Romence,,1 ve 2 Yükseklisanslardır.,Çevre Yönetimi,1.200 €,,
Biyoloji Öğretmenliği,1.000 €,Romence,,KONAKLAMA ,Peyzaj Tasarımı ve Yeşil Alanlar,1.200 €,,
Biyoloji ve Coğrafya Eğitim Bilimleri,1.000 €,Romence,,YURT,Moleküler Biyoloji,1.200 €,,
Ormancılık  ve Halk Bahceliği,1.000 €,Romence,,70€*85*90*100€ ,Diplomatik Çalışmalar,1.200 €,,
Peyzaj Miarlığı  ve Çevre Düzenlenmesi,1.000 €,Romence,,Ev 100*300€,Avrupa Çalışmaları,1.200 €,,
Ekoloji,1.000 €,Romence,,İsim Soyad Değişikliği Belgesi,Kamu Politikaları ve Hizmetleri,1.200 €,,
Coğrafya,1.000 €,Romence,,,Kamu Yönetimi,1.200 €,,
Moleküler Biyoloji ,1.000 €,Romence,,,Uluslararası İlişkiler,1.200 €,,
Biyoloji,1.000 €,Romence,,,Ulusal Güvenlik Çalışmaları,1.200 €,,
Uluslararası İlişkiler,1.000 €,Romence,,,Siyasi ve Secim Yönetimi,1.200 €,,
Siyasal Bilimler,1.000 €,Romence,,,Adli Psikoloji ,1.200 €,,
Kamu Yönetimi ,1.000 €,Romence,,,Eğiitim Yönetimi,1.200 €,,
Psikoloji ,1.000 €,Romence,,,Sosyal Hizmetlerin Yönetimi,1.200 €,,
Eğitim Bilimleri ,1.000 €,Romence,,,Aile Sorunları Danışmalığı,1.200 €,,
Sosyoloji,1.000 €,Romence,,,Klinik Psikoloji ,1.200 €,,
Sosyal Hizmetler,1.000 €,Romence,,,Oyun Tasarımı,1.200 €,,
İlkögretim İngilizce Öğretmenliği,1.000 €,Romence,,,Bilgisayar Bilimleri Öğretmenliği,1.200 €,,
İlköğretim Psikopedagojisi,1.000 €,Romence,,,Uygulamalı Bilişim,1.200 €,,
Psikopedagoji,1.000 €,Romence,,,Bilişim,1.200 €,,
Tercumanlık (Fransızca*İngilizce),1.000 €,Fransızca,,,Kültürlerarası Yönetim,1.200 €,,
Çeviri ve Yorumlama(İngilizceden Francızca*Alamnaca*İtalyanca),1.000 €,İngilizce,,,Kültürlerarası Örgütsel İletişim,1.200 €,,
Fransızca*İngilizce*Almanca*İspanyolca*Rusça*Romence) ,1.000 €,İngilizce,,,Konferans Tercumanı (Fransızca*İngilizce),1.200 €,,
Nicolae Testemiţanu Devlet Tıp ve Eczacılık Üniversitesi ,LİSANS YILLIK,DİL 2000€* 2300€,YIL,EK GİDERLER ,UZMANLIK*DOKTORA,ÜCRET ,DİL  ,
Tıp ,5.600 €,İngilizce*Fransızca*Rusça*Romence,6 Yıl,Kayıt Masrafları ve Rehberlik 1000€,Tıp ,6.700 €,Romence,
Diş Hekimliği,6.500 €,İngilizce*Rusça*Romence,5 Yıl,Evrak İşlemleri Onaya Hazırlanması,Diş Hekimliği,7.400 €,Romence,
Eczacılık,4.000 €,İngilizce*Fransızca*Rusça*Romence,5 Yıl,Bakanlık ve Okul Kayıt Harcı,YARI ZAMANLI UZMANLIKLAR,7.000 €,Romence,
Optometri ,5.000 €,İngilizce*Romence,3Yıl,Onay mülakat ile,Vize 90€*(Vizeci 160€)Oturum İzni 170€,,,
Hemşirelik,3.000 €,Romence,,,,,,
Halk Sağlığı  ,3.000 €,İngilizce*Romence,4 Yıl,Bireysel Seyahat Giderleri,Türkiye'de1500*2500€ Bankada Gösterilir,,,
Tıbbı Yardım*ATT,5.000 €,İngilizce*Romence,4 Yıl,Konaklama Giderleri* İkamet bildirimi,Konsolosluklar İst*Ank*Bursa*Ant,,,
Fizik Tedavi ve Rehabilitasyon,4.000 €,Romence,4 Yıl,Seyahat Sigortası ,YURT 80€*90€*100€,,,
Radyoloji Teknolojileri ,3.000 €,Romence,4 Yıl,Moldovada Teminat 1500€,Ev 100*300€,,,
ION CREANGA  PEDAGOJİ ÜNİVERSİTESİ,LİSANS YILLIK,DİL HAZIRLIK 1200€,YIL,EK GİDERLER ,YUKSEKLİSANS 1500€* 2 Yıl,DOKTORA  3100€,,
Animasyon ,1300€*700€,Romence,4 Yıl,Kayıt Masrafları ve Rehberlik 1000€,Plastik Sanatları ve Tasarım,Eğitim Bilimleri,,
Dekoratif Sanatlar ,1300€*700€,Romence,4 Yıl,Evrak İşlemleri Onaya Hazırlanması,Psikoloji,Tarih Bilimleri,,
Web Tasarımında İleri Çalışmalar,1300€*700€,Romence,4 Yıl,Bakanlık ve Okul Kayıt Harcı,Özel Psikopedagoji,Küresel Miras,,
İç Tasarım (İç Dizayn),1300€*700€,Romence,4 Yıl,Onayın ve İkamet bildirimi,Eğitim Bilimleri,Psikoloji,,
Teknolojik Eğitim,1300€*700€,Romence,4 Yıl,Bireysel Seyahat Giderleri,Bilgi Teknolojileri,Uzman Psikolog ,,
Oyun Tasarımı,1300€*700€,Romence,4 Yıl,Konaklam Giderleri,Fizik,,,
Grafik,1300€*700€,Romence,4 Yıl,Seyahat Sigortası ,Matematik,,,
Moda *Giyim Tasarımı,1300€*700€,Romence,4 Yıl,Yeme ve İçme (Market),Biyolojik Bilimler,,,
Resim8Boyama,1300€*700€,Romence,4 Yıl,Vize 90€*Oturum İzni 100€,Kimya,,,
Mütercim Tercumanlık(İngilizce),1300€*700€,Romence,4 Yıl,2500€ Bankada Gösterilir,Coğrafya,,,
Psikoloji ,1300€*700€,Romence,4 Yıl,Konsolosluklar,Edebiyat,,,
Özel Psikopedagoji,1300€*700€,Romence,4 Yıl,İstanbul Bursa Antalya*Ankara,Diller,,,
Psikopedagoji,1300€*700€,Romence,4 Yıl,YARI ZAMANLI 700€ Belirtilmiştir.,Dil Konuşma Terapisti Odyoloji,,,
Sosyal Hizmetler,1300€*700€,Romence,4 Yıl,EĞİTİMLER ,PDR,,,
Bilgisayar Öğretmenliği,1300€*700€,Romence,4 Yıl,3+2* 4+1  Şeklindendir ,Bütünleşik Özel Eğitim,,,
Klasik Halk Dansları,1300€*700€,Romence,4 Yıl,1 ve 2 Yükseklisanslardır.,Nüfüs Sağlığı  Hizmetleri,,,
Spor ve Modern Dans,1300€*700€,Romence,4 Yıl,KONAKLAMA ,Aile ve Çoçuk Sosyal Politikalar,,,
Bilişim Öğretmenliği ,1300€*700€,Romence,4 Yıl,YURT,Turizm İstatistik Yönetimi,,,
Bilgisayar Bilimleri,1300€*700€,Romence,4 Yıl,70€*85*90*100€ ,Coğrafya Cevre Teknoloji,,,
Matematik,1300€*700€,Romence,4 Yıl,Ev 100*300€,İngilizce*Fansızca,,,
İlköğretim Pedagojisi ve İngilizce Dili,1300€*700€,Romence,4 Yıl,İsim Soyad Değişikliği Belgesi,Tercumanlık İngilizce,,,
Fransızca Bilgisayar Bilimi ,1300€*700€,Romence,4 Yıl,,Alman İşletişim Statejileri,,,
İlköğretim Pedagojisi,1300€*700€,Romence,4 Yıl,,Grafik Tasarım,,,
Okul Öncesi Pedagojisi,1300€*700€,Romence,4 Yıl,,Güzel Sanatlar Yönetimi,,,
Tarih ,1300€*700€,Romence,4 Yıl,,Resim Boyama,,,
Coğrafya,1300€*700€,Romence,4 Yıl,,Güzel Sanatlarda İç Tasarm,,,
Yurttaşlık,1300€*700€,Romence,4 Yıl,,Malzemelerin Sanatsal İşlenmesi,,,
İngiliz Dili ve Edebiyatı,1300€*700€,Yabancı Dil Secilir,4 Yıl,,Güzel Sanatlar Öğretmenliği,,,
Rusça Dili ve Edebiyatı,1300€*700€,Yabancı Dil Secilir,4 Yıl,,Etnoloji,,,
Fransızca Dili ve Edebiyatı,1300€*700€,Yabancı Dil Secilir,4 Yıl,,El Sanatları,,,
İtalyan Dili ve Edebiyatı,1300€*700€,Yabancı Dil Secilir,4 Yıl,,,,,
İngiliz Dili ,1300€*700€,Yabancı Dil Secilir,4 Yıl,,,,,
İngilizce ve Fransızca,1300€*700€,Yabancı Dil Secilir,4 Yıl,,,,,
İngilizce ve İtalyanca,1300€*700€,Yabancı Dil Secilir,4 Yıl,,,,,
İngilizce ve İspanyolca,1300€*700€,Yabancı Dil Secilir,4 Yıl,,,,,
Fransızca ve İngilizce ,1300€*700€,Yabancı Dil Secilir,4 Yıl,,,,,
Fransızca ve İtalyanca,1300€*700€,Yabancı Dil Secilir,4 Yıl,,,,,
Almanca ve İngilizce,1300€*700€,Yabancı Dil Secilir,4 Yıl,,,,,
MOLDOVA TEKNİK ÜNİVERSİTESİ,LİSANS YILLIK,DİL HAZIRLIK  2300€,,EK GİDERLER ,YUKSEK LİSANS 1800€ 1*2 YIL,,,
Yazılım Mühendisliği,2.100 €,İngilizce,4 YIL,Kayıt Masrafları ve Rehberlik 1000€,Tasarım(Ürün Tasarımı Geliştirme * ),,,
Veterinerlik,1920€*1720€*1500€,İngilizce*Romence*Yarı zamanlı Romence,5 YIL,Evrak İşlemleri Onaya Hazırlanması,Tekstil Mühendisliği,,,
Telekomünikasyon Teknolojileri ve Sistemleri,2.100 €,Romence,4 Yıl,Bakanlık ve Okul Kayıt Harcı,Moda ve Tekstil Tasarımı,,,
Telekomünikasyon Ağları ve Yazılımları,2.100 €,Romence,4 Yıl,Onayın ve İkamet bildirimi,Basım Tasarımı Teknolojileri ,,,
Elektronik Telekomünikasyon Sistemleri Güvenliği,2.100 €,Romence,4 Yıl,Bireysel Seyahat Giderleri,Binalar ,,,
Telekomünikasyon Mühendislik ve Yönetimi ,2.100 €,Romence,4 Yıl,Konaklam Giderleri,İç Mimarlık Dizayn,,,
Radyo ve Televizyon İşletişimi,2.100 €,Romence,4 Yıl,Seyahat Sigortası ,Biyoteknoloji,,,
Elektrik Mühendisliği ve Yönetimi,2.100 €,Romence,4 Yıl,Yeme ve İçme (Market),Tarım Üretim Yönetimi,,,
TermoEnerji,2.100 €,Romence,4 Yıl,Vize 90€*Oturum İzni 100€,Hayvancılık,,,
Elektrik Güç Mühendisliği ,2.100 €,Romence,4 Yıl,2500€ Bankada Gösterilir,Arıcılık,,,
ElektroMekanik Sistem Mühendisliği,2.100 €,Romence,4 Yıl,Konsolosluklar,Ormancılık ve Cevre Koruma,,,
Mühendislik ve Kalite Yönetimi,2.100 €,Romence,4 Yıl,İstanbul Bursa Antalya*Ankara,Bahçe Bilimleri,,,
Yenilenebilir Enerji Sistemleri Mühendisliği,2.100 €,Romence,4 Yıl,EĞİTİMLER ,İnşaat Yönetimi,,,
Tarım Elektrifikasyonu,2.100 €,Romence,4 Yıl,3+2* 4+1  Şeklindendir , Mülk degerlendirme ve Yönetimi,,,
Otomasyon ve BT Bilişim Mühendisliği,2.100 €,Romence,4 Yıl,1 ve 2 Yükseklisanslardır.,Gayrimenkulve Kadastro hukuku,,,
MikroElektronik ve NanoTeknolojiler,2.100 €,Romence,4 Yıl,KONAKLAMA ,Yapı Mühendisliği,,,
Uygulamalı Elektronik,2.100 €,Romence,4 Yıl,YURT,Yangın Mühendisliği,,,
Bilgisayarlar ve Ağlar,2.100 €,Romence,4 Yıl,70€*85*90*100€ ,Tarım Mühendisliği,,,
Bilgi Teknolojisi,2.100 €,Romence,4 Yıl,Ev 100*300€,Ulaştırma  Lojistik,,,
Uygulamalı Bilişim,2.100 €,Romence,4 Yıl,İsim Soyad Değişikliği Belgesi,Makine Mühendisliği Ürün ve süreç,,,
BiyoMedikal Mühendisliği,2.100 €,Romence,4 Yıl,,Havaalanı Yönetimi,,,
Bilgi Yönetimi,2.100 €,Romence,4 Yıl,,Yenilenebilir enerji ,,,
Bilgi Güvenliği* Bilgisayar ve Ağlar,2.100 €,Romence,4 Yıl,,Yazılım Mühendisliği,,,
Mekatronik ve Robotik Mühendisliği,2.100 €,Romence,4 Yıl,,Biyomedikal Mühendisliği,,,
Mimarlık,2.100 €,Romence,4 Yıl,,Mikroelektronik Nanoteknoloji,,,
MikroElektronik,2.100 €,Romence,4 Yıl,,Bilgi Güvenliği,,,
Matematik,2.100 €,Romence,4 Yıl,,Bilgisayar* Yeni Teknoloji ,,,
Bilişim,2.100 €,Romence,4 Yıl,,Elektrik Mühendisliği,,,
İç Mimarlık Tasarımı,2.100 €,Romence,4 Yıl,,Elektro Enerji,,,
Kamu ve Gıda Teknolojisi Yönetimi,2.100 €,Romence,4 Yıl,,Elektrik Mühendisliği Kallite Yönetimi,,,
Gıda Teknolojisi,2.100 €,Romence,4 Yıl,,ElektroTeknolojiler,,,
Et ve Et Ürünleri Teknolojisi,2.100 €,Romence,4 Yıl,,Telekomünikasyon ,,,
Fırın Teknolojisi,2.100 €,Romence,4 Yıl,,İşletişim Sistemleri ve Ağlarında Bilgi Güvenliği,,,
Süt ve Süt Ürünleri Teknolojisi,2.100 €,Romence,4 Yıl,,Restoran İşletmeciliği,,,
Meyve ve Sebzeleri Koroma ve İşleme Teknolojisi,2.100 €,Romence,4 Yıl,,Gıda Ürünleri kalite ve Güvenliği,,,
Şarap Teknolojisi ve Fermantasyon Ürünleri,2.100 €,Romence,4 Yıl,,Şarapcılık Şarap Turizmi ve Pazarlaması,,,
BiyoTeknoloji,2.100 €,Romence,4 Yıl,,Gayrimenkul Ticaretinin Ekonomisi,,,
Gıda Endüstrisinde Mühendislik ve Yönetimi,2.100 €,Romence,4 Yıl,,Endüstriyel Pazarlama,,,
Kamu Beslenme Hizmetleri,2.100 €,Romence,4 Yıl,,,,,
Otel Hizmetleri Turizm ve Eğlence Sektörü Yönetimi,2.100 €,Romence,4 Yıl,,,,,
Heykel,2.100 €,Romence,4 Yıl,,,,,
Şehir ve Bölge Planlama ,2.100 €,Romence,4 Yıl,,,,,
Dekoratif Sanatlar ,2.100 €,Romence,4 Yıl,,,,,
İnşaat Malzemeleri ve Ürünleri Mühendisliği,2.100 €,Romence,4 Yıl,,,,,
Demir Yolları ve Köprüler ve Yol Yapımı,2.100 €,Romence,4 Yıl,,,,,
Peyzaj Mimarlığı,2.100 €,Romence,4 Yıl,,,,,
Çevre Mühendisliği,2.100 €,Romence,4 Yıl,,,,,
Binalar İçin Termik Gaz ve İklimlendirme Sistemlerinin Mühendisliği,2.100 €,Romence,4 Yıl,,,,,
Su Temini Kanalizasyon,2.100 €,Romence,4 Yıl,,,,,
İnşaat Mühendisliği ve Yönetimi,2.100 €,Romence,4 Yıl,,,,,
Maden Mühendisliği,2.100 €,Romence,4 Yıl,,,,,
Yangın Mühendisliği ve Sivil Koruma Mühendisliği,2.100 €,Romence,4 Yıl,,,,,
Emlak Hukuku,2.100 €,Romence,4 Yıl,,,,,
Jeodezi ve Kadastro Mühendisliği,2.100 €,Romence,4 Yıl,,,,,
Kadastro ve Bölgesel Organizasyon Planlaması,2.100 €,Romence,4 Yıl,,,,,
Sanayi ve Sivil İnşaatlar,2.100 €,Romence,4 Yıl,,,,,
Tekstil Teknolojisi ve Tasarımı,2.100 €,Romence,4 Yıl,,,,,
Ayakkabı ve Eşya Teknolojisi ve Deri Tasarımı,2.100 €,Romence,4 Yıl,,,,,
Endüstriyel Giyim Tasarımı,2.100 €,Romence,4 Yıl,,,,,
Tasarım ve Baskı Teknolojileri,2.100 €,Romence,4 Yıl,,,,,
Tekstil Mihendisliği ve Yönetimi,2.100 €,Romence,4 Yıl,,,,,
Endüstriyel Tasarım,2.100 €,Romence,4 Yıl,,,,,
Ürün Tasarım Mühendisliği,2.100 €,Romence,4 Yıl,,,,,
Oyun Tasarımı,2.100 €,Romence,4 Yıl,,,,,
Gıda Ürünlerinin Güvenliği,2.100 €,Romence,4 Yıl,,,,,
Tarımsal BiyoTeknolojiler,2.100 €,Romence,4 Yıl,,,,,
Hayvancılık,2.100 €,Romence,4 Yıl,,,,,
Tarımsal Ürünlerin Secimi ve Genetiği,2.100 €,Romence,4 Yıl,,,,,
Tarla Bitkileri (Agronomi),2.100 €,Romence,4 Yıl,,,,,
Ekoloji,2.100 €,Romence,4 Yıl,,,,,
Bitki Koruma,2.100 €,Romence,4 Yıl,,,,,
Ormancılık  ve Halk Bahceliği,2.100 €,Romence,4 Yıl,,,,,
Bağcılık ve Şarapcılık,2.100 €,Romence,4 Yıl,,,,,
Bahce Bitkileri ,2.100 €,Romence,4 Yıl,,,,,
Makine Yapım Teknolojisi,2.100 €,Romence,4 Yıl,,,,,
Kaynak Mühendisliği,2.100 €,Romence,4 Yıl,,,,,
Makine ve Üretim Sistemleri,2.100 €,Romence,4 Yıl,,,,,
Tarım ve Alet Makinelerinin İnşaası,2.100 €,Romence,4 Yıl,,,,,
Enerji Dönüşüm Sistemleri Yenileyici Mühendisliği,2.100 €,Romence,4 Yıl,,,,,
Secenekli Makine Mühendisliği  Gıda* Hafif Sanayi*Ürün Paketleme,2.100 €,Romence,4 Yıl,,,,,
Ulaştırma Mühendisliği ve Yönetimi,2.100 €,Romence,4 Yıl,,,,,
Karayolu Mühendisliği,2.100 €,Romence,4 Yıl,,,,,
Ziraat Mühendisliği,2.100 €,Romence,4 Yıl,,,,,
MOLDOVA EKONOMİ ÜNİVERSİTESİ,LİSANS YILLIK,DİL HAZIRLIK 2000€,YIL,EK GİDERLER ,YUKSEK LİSANS ,,,
İşletme ve Yönetimi ve Uygulamalı Bilişim Cift Diploma ,1820€*1720€,Romence,4 Yıl,Kayıt Masrafları ve Rehberlik 1000€,Muhasebe ve Denetim,2320€*1820€,Rusça*Romence,
İşletme ve Yönetimi,2000€*1720€,Romence,3 Yıl,Evrak İşlemleri Onaya Hazırlanması,Kamu Yönetimi Yönetimi,2320€*1820€,Romence,
Pazarlama  ve Lojistik,2000€*1720€,Romence,3 Yıl,Bakanlık ve Okul Kayıt Harcı,İşletme ,2320€*1820€,Rusça*Romence,
Satın Alma Müdürü,1820€*1720€,Romence,3 Yıl,Onayın ve İkamet bildirimi,Reklamcılık ve Halkla İlişkiler,2320€*,Rusça*Romence,
Otel Hizmleri ,1820€*1720€,Romence,3 Yıl,Bireysel Seyahat Giderleri,Mali Bankacılık Yönetimi,2320€*,İngilizce,
Turizm ve Eğlence,1820€*1720€,Romence,3 Yıl,Konaklam Giderleri,Uluslararası İşlemler ve Ekonomik Diplomasi,2320€*,İngilizce*Romence,
Merkeoloji ve Ticaret ,1820€*1720€,Romence,3 Yıl,Seyahat Sigortası ,Pazarlama Yönetimi,2320€*,Rusça*Romence,
Gıda Teknolojisi ve Yönetimi,1820€*1720€,Romence,4 Yıl,Yeme ve İçme (Market),Gıda ve Tarım Turizmi Yönetimi,2320€*,Romence,
Ekonomi,1820€*1720€,Romence,3 Yıl,Vize 90€*Oturum İzni 100€,Hukuk ve Gümrük İşleri,2320€*,Romence,
Hukuk,1820€*1720€,Romence,4 Yıl,2500€ Bankada Gösterilir,Bilgi Yönetimi,2320€*,Romence,
Kamu Yönetimi,1820€*1720€,Romence,3 Yıl,Konsolosluklar,Bilgi Sistemleri Güvenliği,2320€*,Romence,
Sosyal Hizmetler ,1820€*1720€,Romence,3 Yıl,İstanbul Bursa Antalya*Ankara,Ekonomide Bilgi Teknolojileri,2320€*,Romence,
İnsan Kaynakları Yönetimi,1820€*1720€,Romence,3 Yıl,YARI ZAMANLI 700€ Belirtilmiştir.,Ekonomi Hukuku,2320€*,Romence,
Muhasebe,2000€*1720€,Romence,3 Yıl,EĞİTİMLER ,Gümrük Hukuku Usulleri,2320€*,Romence,
Finans ve Bankacılık,2000€*1720€,Romence,3 Yıl,3+2* 4+1  Şeklindendir ,Mali ve Mali Hukuk,2320€*,Romence,
Dünya Ekonomisi ve Uluslararası Ekonomik İlişkiler,2000€*1720€,Romence,4 Yıl,1 ve 2 Yükseklisanslardır.,İş Kanunu,2320€*,Romence,
Bilgi Teknolojisi,1820€*1720€,Romence,4 Yıl,KONAKLAMA ,Gümruk Faaliyetlerinde Ticaret ve Eşya Uzmanlığı,2320€*,Romence,
Bilgi Güvenliği,1820€*1720€,Romence,4 Yıl,YURT,İnsan Kaynaklarının Yönetimi ve Geliştirme,2320€*,Romence,
Sibernetik ve Ekonomi ,1820€*1720€,Romence,3 Yıl,70€*85*90*100€ ,Dijital İşletme Yönetimi,2320€*,Romence,
Uygulamalı Bilişim,1820€*1720€,Romence,3 Yıl,Ev 100*300€,Proje Yönetimi,2320€*,Romence,
Ekonometri ve Ekonomik İstatistikler,1820€*1720€,Romence,3 Yıl,Engelliler Ucretsiz Okuyor,Finans ve Bilgi Teknolojileri,2320€*,Romence,
,,,,Engelliler Yurt Vergisi Ödemiyor,Aktüerya ve iş Riski,2320€*,Romence,
,,,,İsim Soyad Değişikliği Belgesi,Bankacılık Yönetimi,2320€*,Romence,
,,,,,Kurumsal Finansman  ve Sigorta,2320€*,Romence,
,,,,,Kamu maliyesi ve Vergilendirme,2320€*,Romence,
,,,,,Dış Ticaret Gümrük Faaliyetleri ,2320€*,Romence,
,,,,,Muhasebe ve Elekronik İşlemleri,2320€*,Romence,
MOLDOVA SPOR AKADEMİSİ ,LİSANS YILLIK,DİLPEDAGOJİ ÜNİVERSİTESİ,YIL,EK GİDERLER ,EK GİDERLERİN DEVAMI ,YUKSEKLİSANS 2 Yıl 2400€,DOKTORA 3 Yıl 2400€,
Beden Eğitimi ,2.300 €,Rusça*Romence,3 Yıl,Kayıt Masrafları ve Rehberlik 1000€,Konsolosluklar,Fiziksel  Kültür  ,Kineziterapi ,
Otel Hizmetleri,2.300 €,Rusça*Romence,3 Yıl,Evrak İşlemleri Onaya Hazırlanması,İstanbul Bursa Antalya*Ankara,Beden Eğitimi ve Öğretmenliği,Spor Bilimleri,
Turizm ve Eğlence,2.300 €,Rusça*Romence,3 Yıl,Bakanlık ve Okul Kayıt Harcı,EĞİTİMLER ,Turizmde Teknolojileri ve Spor Tesisleri Yönetimi,Fiziksel Eğitim,
Fitness ,2.300 €,Rusça*Romence,3 Yıl,Onayın ve İkamet bildirimi,3+2* 4+1  Şeklindendir ,Spor Eğitimi Teknolojisi,Spor Travmatolojisinde Fizyoterapi,
Rekreasyon Proğramları,2.300 €,Rusça*Romence,3 Yıl,Bireysel Seyahat Giderleri,1 ve 2 Yükseklisanslardır.,Spor Eğitimi Yönetimi ve Pazarlanması,,
Spor Eğitimi,2.300 €,Rusça*Romence,4 Yıl,Konaklam Giderleri,KONAKLAMA ,Motor ve Somato*Fonksiyonel İyileşmede Fizyoterapi,,
Fizyoterapi ve Mesleki Terapi,2.300 €,Rusça*Romence,4 Yıl,Seyahat Sigortası ,YURT,Kişisel ve Mülkiyet Güvenliği Yönetimi,,
Sivil ve Kamu Güvenliği ,2.300 €,Rusça*Romence,3 Yıl,Yeme ve İçme (Market),70€*85*90*100€ ,,,
Antrenorlük ,2.300 €,Rusça*Romence,4 Yıl,Vize 90€*Oturum İzni 100€,Ev 100*300€,,,
Sivil Güvenlik,2.300 €,Rusça*Romence,4 Yıl,2500€ Bankada Gösterilir,,,,
MOLDOVA GÜZEL SANATLAR AKADEMİSİ,LİSANS YILLIK,DİL PEDAGOJİ ÜNİVERSİTESİ,YIL,EK GİDERLER ,YÜKSEKLİSANS,ÜCRET,DİL,YIL
"Klavye Enstrümanları (Piyona, Org) ",3.000 €,Romence,4 Yıl,Kayıt Masrafları ve Rehberlik 1000€,Animasyon*Oyun Tasarımı,3.000 €,Romence,4 Yıl
Orkestra Enstrümanları,4.000 €,Romence,4 Yıl,Evrak İşlemleri Onaya Hazırlanması,,,,
Halk Aletleri,3.000 €,Romence,4 Yıl,Bakanlık ve Okul Kayıt Harcı,,,,
"Jazz Çeşit Aletleri Vokal (Akademik halk, pop, caz)",3.000 €,Romence,4 Yıl,Onayın ve İkamet bildirimi,,,,
Popüler Şan Eğitimi,3.600 €,Romence,4 Yıl,Bireysel Seyahat Giderleri,,,,
Koro Şefliği,5.000 €,Romence,4 Yıl,Konaklama Giderleri,,,,
Vokal Şarkıcılık* Beste yorumculuğu,5.000 €,Romence,4 Yıl,Seyahat Sigortası ,,,,
Kompozisyon(Klasik Estrano- jazz),3.000 €,Romence,4 Yıl,Yeme ve İçme (Market),,,,
Müzik Bilimi,3.000 €,Romence,4 Yıl,Vize 90€*Oturum İzni 100€,,,,
Müzikal Pedagoji,3.000 €,Romence,4 Yıl,2500€ Bankada Gösterilir,,,,
Dans,3.000 €,Romence,4 Yıl,Konsolosluklar,,,,
Tiyatro,1.800 €,Romence,4 Yıl,İstanbul Bursa Antalya*Ankara,,,,
Sahne Tasarımı ,1.800 €,Romence,4 Yıl,EĞİTİMLER ,,,,
Drama,1.800 €,Romence,4 Yıl,3+2* 4+1  Şeklindendir ,,,,
Film Yönetmenliği,3.000 €,Romence,4 Yıl,1 ve 2 Yükseklisanslardır.,,,,
Tiyatro çalışmaları ve Tiyatro Yönetimi,1.800 €,Romence,4 Yıl,KONAKLAMA ,,,,
Koreografi,1.800 €,Romence,4 Yıl,YURT,,,,
Aktörlük,3.000 €,Romence,4 Yıl,70€*85*90*100€ ,,,,
Film ve Televizyon Yönetmenliği,3.000 €,Romence,4 Yıl,Ev 100*300€,,,,
Sinema ve Televizyon montaj,3.000 €,Romence,4 Yıl,İsim Soyad Değişikliği Belgesi,,,,
Film ve Televizyon  yapımı,3.000 €,Romence,4 Yıl,,,,,
Multimedya,3.000 €,Romence,4 Yıl,,,,,
Kültürel çalışmalar,1.800 €,Romence,4 Yıl,,,,,
Moda,3.000 €,Romence,4 Yıl,,,,,
Moda Tasarımı,3.000 €,Romence,4 Yıl,,,,,
SahneTasarımı ,1.800 €,Romence,4 Yıl,,,,,
Sanat Yönetmenliği ve Kültüroloji,3.000 €,Romence,4 Yıl,,,,,
Resim,1.800 €,Romence,4 Yıl,,,,,
Grafik,1.800 €,Romence,4 Yıl,,,,,
Heykel,1.800 €,Romence,4 Yıl,,,,,
Güzel Sanatlar Tarihi ve teorisi,1.800 €,Romence,4 Yıl,,,,,
Dekoratif Sanat ve El sanatları,1.800 €,Romence,4 Yıl,,,,,
Sanat eserlerinin Restarasyonu ve Depolanması,3.000 €,Romence,4 Yıl,,,,,
Plastik Sanatlar,3.000 €,Romence,4 Yıl,,,,,
Vucut Geliştirme ,3.000 €,Romence,4 Yıl,,,,,
Animasyon*Oyun Tasarımı,3.000 €,Romence,4 Yıl,,,,,
ULİM ÜNİVERSİTESİ ,LİSANS YILLIK,DİL 650 EURO, YIl,EK GİDERLER ,YUKSEK LİSANS 1300€ 1.5*2 Yıl ,,DOKTORA ,3 YIL
Hukuk,1.300 €,Romence*Rusça,4 Yıl,Kayıt Masrafları ve Rehberlik 1000€,Klinik Psikoloji,1.800 €,Elektrik ve Bilgi Mühendisliği,1.300 €
İktisat,1.300 €,,4 Yıl,Evrak İşlemleri Onaya Hazırlanması,Psikolojik danışmanlık,1.800 €,Psikoloji ve Sosyal Psikoloji,1.300 €
BiyoMedikal Mühendisliği,1.300 €,Romence*Rusça,4 Yıl,Bakanlık ve Okul Kayıt Harcı,Eğitim Danışmanliği okul entegrasyonu,1.800 €,Ekonomi Finans Pazarlama Lojistik,1.300 €
Ekoloji,1.300 €,Romence*Rusça,4 Yıl,Onayın ve İkamet bildirimi,Sosyal*Ekonomik Pedagoji,1.800 €,Kamu Hukuku,1.650 €
Bilgi Teknolojileri ,1.650 €,,4 Yıl,Bireysel Seyahat Giderleri,Sosyal Hizmetler Yönetimi,1.800 €,İdari Hukuk,1.650 €
Bilgi Güvenliği,1.150 €,Romence*Rusça,4 Yıl,Konaklama Giderleri,Sosyal Yardım Sosyal Uzmanlık Çalışmaları,1.800 €,Bnkacılık Maliye Gümrük,1.650 €
Bilgisayar Bilimi,1.150 €,Romence*Rusça,4 Yıl,Seyahat Sigortası ,Kozmetik Tıp  ve SPA ,1.800 €,Uluslararası Hukuk ve Avrupa Hukuku ,1.650 €
Bilgisayar Tasarımı,1.150 €,Romence*Rusça,4 Yıl,Yeme ve İçme (Market),Edebiyat,1.400 €,Hukuk Kriminolojisi,1.650 €
Uluslararası İlişkiler,1.600 €,Romence*Rusça,4 Yıl,Vize 90€*Oturum İzni 100€,Bilişim ve Tasarım,1.800 €,Ceza Hukuku ve İnfazı,1.650 €
Siyaset Bilimleri,1.300 €,Romence*Rusça,4 Yıl,2500€ Bankada Gösterilir,Adli Psikoloji ,1.400 €,Siyasal Bilimler ,1.300 €
Gazetecilik ve Medya ,1.500 €,Romence*Rusça,4 Yıl,Konsolosluklar,Askeri Psikoloji ,1.400 €,Avrupa Politikaları ve Süreçleri,1.300 €
Muhasebe,1.850 €,Romence*Rusça,4 Yıl,İstanbul Bursa Antalya*Ankara,Örgutsel ve İnsan Kaymakları Psikolojisi,1.400 €,Tarih,1.300 €
Finans ve Bankacılık,1.850 €,Romence*Rusça,4 Yıl,EĞİTİMLER ,Sosyal Bilimler,1.400 €,Felsefe,1.300 €
Otel Hizmetleri*Turizm ve Eğlence,1.720 €,Romence*Rusça,4 Yıl,3+2* 4+1  Şeklindendir ,Siyaset Bilimi  Diplomasi  ve Güvenlik,1.400 €,Dil Bilimleri,1.300 €
Dünya Ekonomisi ve Uluslararası Ekonomik İlişkiler,1.850 €,Romence*Rusça,4 Yıl,1 ve 2 Yükseklisanslardır.,Gazetecilik İş ve İletişim,1.400 €,Arkeoloji ,1.300 €
Pazarlama  ve Lojistik,1.850 €,Romence*Rusça,4 Yıl,KONAKLAMA ,Medya Yönetimi,1.400 €,Plastık sanatlar,1.300 €
İşletme ve Yönetimi,1.850 €,Romence*Rusça,4 Yıl,YURT,Pazarlama ve İş İletişimi,1.400 €,Beşeri Bilimler,1.300 €
Psikopedagoji,1.300 €,Romence*Rusça,4 Yıl,70€*85*90*100€ ,Hukuk ve İdare hukuku,1.400 €,Karşılaştırmalı Edebiyat,1.300 €
Sosyal Hizmetler,1.300 €,Romence*Rusça,4 Yıl,Ev 100*300€,Hukuksal Yolsuzlukla Mücadele ,1.400 €,,
Psikoloji ,1.500 €,Romence*Rusça,4 Yıl,İsim Soyad Değişikliği Belgesi,Uluslararası Hukuk,1.400 €,,
İç Dizayn,1.500 €,Romence*Rusça,4 Yıl,,,,,
Cevirmenlik,1.600 €,Romence*Rusça,4 Yıl,,,,,
İletişim  Bilimleri,1.500 €,Romence*Rusça,4 Yıl,,,,,
Sosyoloji,1.500 €,Romence*Rusça,4 Yıl,,,,,
BiyoTıp (Estetik Kozmetik),1.500 €,Romence*Rusça,4 Yıl,,,,,
MOLDOVA DEVLET TARIM ÜNİVERSİTESİ,LİSANS YILLIK,DİL PEDAGOJI ÜNİVERSİTESİ ,YIL,EK GİDERLER ,EK GİDERLER ,,,
Veterinerlik ,1500€ * 2200€ ,Romence*İngilizce,5.5 Yıl,Kayıt Masrafları ve Rehberlik 1000€,Vize 90€*Oturum İzni 100€,,,
Tarım Ekonomisi ,1.500 €,Romence,3-4 Yıl,Evrak İşlemleri Onaya Hazırlanması,2500€ Bankada Gösterilir,,,
Agronomi,1.500 €,Romence,3-4 Yıl,Bakanlık ve Okul Kayıt Harcı,Konsolosluklar,,,
Tarım Bilimi,1.500 €,Romence,3-4 Yıl,Onayın ve İkamet bildirimi,İstanbul Bursa Antalya*Ankara,,,
Bahçecilik,1.500 €,Romence,3-4 Yıl,Bireysel Seyahat Giderleri,EĞİTİMLER ,,,
Hayvancılık ve Biyo- Teknoloji,1.500 €,Romence,3-4 Yıl,Konaklama Giderleri,3+2* 4+1  Şeklindendir ,,,
"Ziraat Mühendisliği, Kadastro",1.500 €,Romence,3-4 Yıl,Seyahat Sigortası ,1 ve 2 Yükseklisanslardır.,,,
Ulaştırma ve Otomobil Taşımacılığı,1.500 €,Romence,4 Yıl,Yeme ve İçme (Market),KONAKLAMA ,,,
,,,,İsim Soyad Değişikliği Belgesi,YURT,,,
,,,,,70€*85*90*100€ ,,,
,,,,,Ev 100*300€,,,
               MOLDOVA BİLİMLER AKADEMİSİ ,LİSANS YILLIK,DİL PEDAGOJI ÜNİVERSİTESİ ,YIL,EK GİDERLER ,YUKSEK LİSANS 3000€,,,
Kimya ,2.850 €,Romence,,Kayıt Masrafları ve Rehberlik 1000€,PsikoPedagoji ,,,
Biyofarmarmosötik Kimya,2.850 €,Romence,,Evrak İşlemleri Onaya Hazırlanması,Moleküler Biyoloji,,,
Ekoloji ve Cevre Kimyası,2.850 €,Romence,,Bakanlık ve Okul Kayıt Harcı,Cevre Bilimleri,,,
Moleküler Biyoloji,2.850 €,Romence,,Onayın ve İkamet bildirimi,Biyoekonomi ve Ekoloji,,,
Biyoloji,2.850 €,Romence,,Bireysel Seyahat Giderleri,Kültürlerarası İletişim,,,
Siyaset Bilimleri,2.850 €,Romence,,Konaklama Giderleri,Avrupa Kültürleri,,,
Edebiyat,2.850 €,Romence,,Seyahat Sigortası ,Ulusal Güvenik,,,
Felsefe,2.850 €,Romence,,Yeme ve İçme (Market),Uygulamalı Bilişim,,,
Bilişim,2.850 €,Romence,,Vize 90€*Oturum İzni 100€,Matematik ve Bilişim,,,
Coğrafya,2.850 €,Romence,,2500€ Bankada Gösterilir,Fizik,,,
Yer Bilimleri,2.850 €,Romence,,Konsolosluklar,Kimya,,,
Fizik*Fizik Bilimleri ve Mühendisliği,2.850 €,Romence,,İstanbul Bursa Antalya*Ankara,Biyoloji ,,,
Halk Sağlığı,2.850 €,Romence,,EĞİTİMLER ,,,,
NanoTeknoloji,2.850 €,Romence,,3+2* 4+1  Şeklindendir ,,,,
Endüstri Mühendisliği,2.850 €,Romence,,1 ve 2 Yükseklisanslardır.,,,,
Tarımsal BiyoTeknolojiler,2.850 €,Romence,,KONAKLAMA ,,,,
Enerji Dönüşüm Sistemleri Yenileyici Mühendisliği,2.850 €,Romence,,YURT,,,,
İlaç Bilimi,2.850 €,Romence,,70€*85*90*100€ ,,,,
Hukuk,2.850 €,Romence,,Ev 100€*300€,,,,
İletişim ve Halkla İlişkiler,2.850 €,Romence,,İsim Soyad Değişikliği Belgesi,,,,
Gazetecilik,2.850 €,Romence,,,,,,
Sosyoloji,2.850 €,Romence,,,,,,
Matematik,2.850 €,Romence,,,,,,
Bilgi Bilimleri,2.850 €,Romence,,,,,,
Tarih,2.850 €,Romence,,,,,,
Bilgisayar Bilimleri,2.850 €,Romence,,,,,,
Tarım,2.850 €,Romence,,,,,,
Biyolojik ve Yaşam Bilimleri,2.850 €,Romence,,,,,,
GİRNE AMERİKAN ÜNİVERSİTESİ ,,,,,,,,
 Mimarlık ,2.700 €,,,,,,,
Psikoloji ,2.700 €,,,,,,,
Uluslararası İlişkiler,2.700 €,,,,,,,
Siyasal Bilimler,2.700 €,,,,,,,
Turizm ve Konaklama işletmeciliği,2.700 €,,,,,,,
Lojistik ve Pazarlama,2.700 €,,3yıl Moldova Sonyıl Kıbrıs,,,,,
İşletme  *Muhasebe,2.700 €,,,,,,,
Ekonomi,2.700 €,,,,,,,
Finans ve Bankacılık,2.700 €,,,,,,,