 RUSYA ÜNİVERSİTELERİ,,,,,,,,,
-KAYIT DANIŞMANLIK 1550 USD ,,,,,,,,,
-YAŞ SINIRI VE LİSE DİPLOMA PUANI ÖNEMLİDİR. 25 YAŞ ÜSTÜ HER OKULA ALINMAZ SADECE RUDİN ALIR.,,,,,,,,,
-VİZELİ BİR ÜLKEDİR. VİZE BİR HAFTADA ÇIKAR. ORTALAMA 180 USD,,,,,,,,,
-BÜTÜN ÖĞRENCİLER YURTTA KALIYOR ORTALAMA 200 USD,,,,,,,,,
,,,,,,,,,
,QS,THE,CWTS,ARWU(SHANGHAİ),,,,,
RUSYA,,,,,,,,,
MOSKOVA FİZİK VE TEKNOLOJİ ENSTİTÜSÜ,418,201-250,-,İLK BİNDE,,,,,
SAİNT PETERSBURG DEVLET ÜNİVERSİTESİ,315,-,495,İLK BİNDE,,,,,
NOVOSİBİRSK DEVLET ÜNİVERSİTESİ,421,601-800,421,İLK BİNDE,,,,,
URAL FEDERAL ÜNİVERSİTESİ RUSYA,473,801-1000,898,İLK BİNDE,,,,,
EYO ÜNİVERSİTESİ,399,401-500,823,701-800,,,,,
SEÇENOV ÜNİVERSİTESİ,771-780,801,-,İLK BİN,,,,,
KAZAN FEDERAL ÜNİVERSİTESİ,396,801-1000,,,,,,,
ULUSAL ARAŞTIRMA NÜKLEER ÜNİVERSİTESİ,461,401-500,,İLK BİN,,,,,
RUDN ÜNİVERSİTESİ,342,601-801,,,,,,,
LOMONOSOV MOSKOVA DEVLET ÜNİVERSİTESİ,,95 (!),219,101-150,,,,,
,,,,,,,,,
KAZAN FEDERAL ÜNİVERSİTESİ ,DİL,ÜCRET,EK GİDERLER, YUKSEKLİSANS,DİL,ÜCRET,DOKTORA 2450$ Yıllık,,
Tıp  ,İngilizce*Rusça ,8750$*6450$,Hazırlık İngilizce Paketi 5250$,Biyoloji ,İngilizce,4730$,Matematik,,
Diş hekimliği ,İngilizce*Rusça ,8750$*6350$,Hazırlık Rusça Paketi  4350$,Fizik,İngilizce,4730$,Bilişim ve Bilgisayar,,
Eczacılık ,Rusça ,4550$,,Radyofizik,İngilizce,4730$,Elektronik ,,
Klinik Psikoloji (5 Yıl),Rusça ,2350$,Yurt 120$ Yıllık,Jeoloji ,İngilizce,4730$,Radyo Teknolojisi ve İletişim,,
Hukuk ,Rusça ,3000$,YURT 100$ yıllık,İlahiyat,İngilizce,4400$,Bilgisayar Bilimi BT,,
İşletme ,İngilizce*Rusca,3750$*3100$,Sağlık Sigortası 160$,Genel ve Stratejik İşletme,İngilizce,4400$,Mekanik  ve Matematik,,
Turizm  ,İngilizce,2350$,, Matematik,İngilizce,4400$,Fizik ve Astronomi,,
Biyoloji ,İngilizce*Rusca,4550$*2350$, 1 Ekim Son Basvuru,Yazılım Mühendisliği,İngilizce,4650$,Yer Bilimleri ,,
Patoloji,Rusça ,2850$,8*19 ay Dil eğitimi,,,,Kimya ,,
Hotel İşletmeciliği,Rusça ,2350$,6*14 Kişilik Sınıflarda  Hazırlık,,,,Teknolojik Sistemlerin Yönetimi,,
Sosyoloji,Rusça ,2350$, 4. Ayda Kayıtlar Baslar ,,,,Malzeme Mühendsiliği,,
Kamu Yönetimi,Rusça ,2850$,Davetiyeler 21 İş gününde Cıkar genelde,,,,Makine yapımı ve İnsaası,,
Tarih,Rusça ,2500$,,,,,Kara Taşımacılığı Teknolojisi,,
Hukuk ,Rusça ,2500$,,,,,Tarih ve Arkeoloji,,
İnsan Kaynakları Yönetimi ,Rusça ,2350$,,,,,Felsefe ve Din Çalışmaları,,
Matematik,Rusça ,2350$,,,,,Kitle İletişimi,,
Kimya,Rusça ,2350$,,,,,Ekonomi,,
Fizik ,Rusça ,2350$,,,,,Siyaset Bilimi,,
Cografya ,Rusça ,2350$,,,,,Hukuk,,
Biyomedikal Mühendisliği,Rusça ,2600$,,,,,Sosyoloji,,
Bilgisayar Mühendisliği,Rusça ,2600$,,,,,Psikoloji,,
Nano Teknoloji ,Rusça ,3620$,,,,,Eğitim Yönetimi,,
Mikrosistem Mühendisliği,Rusça ,3620$,,,,,Dil Bilimleri,,
Makine Mühendisliği ,Rusça ,2600$,,,,,,,
Bilgi sistemleri ve Teknolojileri,Rusça ,2600$, ,,,,,,
Jeoloji,Rusça ,2350$,,,,,,,
Cevre Mühendisliği,Rusça ,2850$,,,,,,,
Hidrometroloji (Su Muhendisliği),Rusça ,2850$,,,,,,,
Ekoloji ve Doğal Araştırmalar Yöntemi,Rusça ,2850$,,,,,,,
Harita Kadastro,Rusça ,2850$,,,,,,,
Toprak Bilimi ve Bitki Yetiştirme,Rusça ,2850$,,,,,,,
Teoloji,Rusça ,2350$,,,,,,,
Sanat Tarihi,Rusça ,2350$,,,,,,,
Felsefe ,Rusça ,2350$,,,,,,,
Siyasal Bilimler ,Rusça ,2600$,,,,,,,
Uluslararası İlişkiler,Rusça ,2850$,,,,,,,
Psikoloji ,Rusça ,2350$,,,,,,,
Reklamcılık ve Halkla İlişkiler ,Rusça ,2350$,,,,,,,
Radyo ve Televizyon,Rusça ,2350$,,,,,,,
Gazetecilik,Rusça ,2350$,,,,,,,
Medya ve İletişim,Rusça ,2350$,,,,,,,
Uygulamalı Kimya,Rusça ,2850$,,,,,,,
Uygulamalı Mekanik,Rusça ,2850$,,,,,,,
Uygulamalı Bilgisayar,Rusça ,2850$,,,,,,,
Uygulamalı Matematik Enformatik,Rusça ,2350$,,,, ,,,
Matematik ve Uygulamalı Bilgisayar,Rusça ,2350$,,,,,,,
Kalite Yonetimi ,Rusça ,2350$,,,,,,,
Mekanik ve Matematiksel Modelleme,Rusça ,2350$,,,,,,,
Grafik Dizayn,Rusça ,2850$,,,,,,,
Müzik ve Uygulamalı Müzik,Rusça ,2850$,,,,,,,
Beden Eğitimi ve Spor ,Rusça ,2400$,,,,,,,
Mutercim Tercumanlık (Rusça*Çince),Rusça ,2400$,,,,,,,
Mutercim Tercumanlık (Rusça*Korece),Rusça ,2400$,,,,,,,
Dil Bilimi ,Rusça ,2400$,,,,,,,
Rus Dili ve Edebiyatı,Rusça ,2350$, ,,,,,,
İspanyol Dili ve Edebiyatı,Rusça ,2850$, ,,,,,,
Alman Dili ve Edebiyatı,Rusça ,2850$,,,,,,,
Yazılım Mühendisliği,Rusça ,2600$,,,,,,,
URAL FEDERAL ÜNİVERSİTESİ,DİL ,ÜCRET,EK GİDERLER,YUKSEKLİSANS ,DİL ,ÜCRET,,,
,,,,,,,,,
Tarih,Rusça ,270.000 Ruble,Rusça Hazırlık 190.000 RUB ,Tarih,Rusça,245.000 Ruble,,,
Felsefe ,Rusça ,245.000 Ruble,,Felsefe,Rusça,245.000 Ruble,,,
Beden Eğitimi,Rusça ,310.000 Ruble,Yurt 30$-60$,Beden eğitimi,Rusça,314.000 Ruble,,,
Sanat tarihi,Rusça ,428.000 Ruble,2*3-4 kişilik odalar,Sanat Tarih,Rusça,245.000 Ruble,,,
Mimarlık ,Rusça ,310.000 Ruble,Sigorta 160$,Tasarım,Rusça,456.000 Ruble,,,
İnşaat Mühendisliği ,Rusça ,310.000 Ruble,,Mühendislik ve Teknoloji Bölümeri,Rusça ,279.000 Ruble,,,
Bilgisayar Bilimleri ve Bilgisayar Mühendisliği ,Rusça ,329.000 Ruble,,Yazılım Mühendisliği ,Rusça ,456.000 Ruble,,,
Yazılım Mühendisliği ,Rusça ,329.000 Ruble,,Bilgisayar Bilimi/Pratik Yapay Zeka,İngilizce ,312.000 Ruble,,,
Elektrik Mühendisliği ,Rusça ,301.000 Ruble,,Elektrik ve Elektrik Mühendisliği,İngilizce ,312.000 Ruble,,,
Makine Mühendisliği ,Rusça ,270.000 Ruble,,Biyoteknoloji,İngilizce ,312.000 Ruble,,,
Kimya Mühendisliği ,Rusça ,301.000 Ruble,,Tıbbi Biyokimya,Rusça ,310.000 Ruble,,,
Psikoloji ,Rusça ,301.000 Ruble,,Tıbbi Biyofizik,Rusça ,310.000 Ruble,,,
Matematik,Rusça ,245.000 Ruble,,Eczane,Rusça ,270.000 Ruble,,,
Fizik,Rusça ,270.000 Ruble,,Klinik Psikoloji,Rusça ,310.000 Ruble,,,
Kimya,Rusça ,270.000 Ruble,,Psikoloji,Rusça ,245.000 Ruble,,,
Biyoloji,Rusça ,270.000 Ruble,,Temel ve Uygulamalı Fizik,Rusça ,270.000 Ruble,,,
Ekonomi,Rusça ,301.000 Ruble,,Astronomi,Rusça ,270.000 Ruble,,,
İnsan Kaynakları Yönetimi,Rusça ,270.000 Ruble,,Temel ve Uygulamalı Kimya,Rusça ,270.000 Ruble,,,
Kamu Yönetimi,Rusça ,329.000 Ruble,,Matematik,Rusça ,245.000 Ruble,,,
Siyaset Bilimi,Rusça ,270.000 Ruble,,Fizik-Kimya-Biyoloji,Rusça ,279.000 Ruble,,,
Uluslararası İlişkiler,Rusça ,329.000 Ruble,,Fizik ve Astronomi,İngilizce,391.000 Ruble,,,
Halkla İlişkiler ve Reklamcılık,Rusça ,329.000 Ruble,,Ekonomik Güvenlik,Rusça ,301.000 Ruble,,,
Gazetecilik,Rusça ,329.000 Ruble,,Gümrük,Rusça ,301.000 Ruble,,,
Medya İletişimi,Rusça ,329.000 Ruble,,Adli Bilimler,Rusça ,301.000 Ruble,,,
Turizm,Rusça ,270.000 Ruble,,Ekonomi,İngilizce ,428.000 Ruble,,,
Otel İşletmeciliği,Rusça ,245.000 Ruble,,Sosyoloji,Rusça ,245.000 Ruble,,,
,,,,Uluslararası İlişkiler,Rusça ,245.000 Ruble,,,
,,,,Gazetecilik,Rusça ,245.000 Ruble,,,
,,,,Medya İletişimi,Rusça ,245.000 Ruble,,,
,,,,Halkla İlişkiler ve Reklamcılık,İngilizce ,274.000 Ruble,,,
,,,,,,,,,
,,,,,,,,,
LOMONOSOV MOSKOVA DEVLET  ÜNİVERSİTESİ,,,,YUKSEKLİSANS ,DİL,ÜCRET,,,
Tıp,Rusça,734.000 Ruble,,Biyoloji (2 yıl),İngilizce,425.000 Ruble,,,
Eczacılık,Rusça,634.000 Ruble,Rusça Hazırlık var. 565.500 Ruble ,Nanobiyoteknoloji (2 yıl),İngilizce,425.000 Ruble,,,
Uygulamalı Matematik ve Bilgisayar Bilimleri,Rusça,539.070 Ruble,Eylül/ Ekim- Temmuz arasında eğitim. ,Kimya (2 yıl),İngilizce,666.700 Ruble,,,
Hukuk,Rusça,720.000 Ruble,,Radyofarmasötik Kimya (2 yıl),İngilizce,666.700 Ruble,,,
Temel Bilişim ve Bilgi Teknolojileri ,Rusça,539.070 Ruble,Bütün bölümlerde alan dersi ve Rusça sınavı var.,Geometri ve kuantum alanları/ Matematik (2 yıl),İngilizce,492.930 Ruble,,,
Kimya,Rusça,455.990 Ruble,,Uluslararası İşletme Yönetimi (2 yıl),İngilizce,520.000 Ruble,,,
Temel ve Uygulamalı Kimya,Rusça,455.990 Ruble,,Uluslararası İlişkiler (2 yıl) ,İngilizce,418.470 Ruble,,,
Temel Matematik ve Mekanik,Rusça,409.980 Ruble,Yüksek Lisans programlarında giriş sınavı şartı istenebilir. ,Siyaset Bilimi (2 yıl),İngilizce,418.470 Ruble,,,
Biyoloji,Rusça,575.240 Ruble,İngilizce Yüksek Lisans programları B2 İngilizce ister.,Uluslararası İlişkiler ve Ekonomi Diplomasisi (2 yıl),İngilizce,418.470 Ruble,,,
Ekoloji ve Doğa Yönetimi,Rusça,460.000 Ruble,,Jeoloji (2 yıl),İngilizce,465.450 Ruble,,,
Coğrafya ,Rusça,575.240 Ruble,,Psikoloji (670 akademik saat),İngilizce,400.000 Ruble,,,
Haritacılık ve Jeoinformatik,Rusça,575.240 Ruble,,,,,,,
Hidroloji/ Metalurji,Rusça,575.240 Ruble,,,,,,,
Radyoekoloji ve Ekoteknoloji,Rusça,460.000 Ruble,,,,,,,
Turizm,Rusça,539.070 Ruble,,,,,,,
Toprak Bilimi ,Rusça,460.000 Ruble,,,,,,,
Matematik ve Matematiksel Fizik ,Rusça,409.980 Ruble,,,,,,,
Tarih /Felsefe ,Rusça+İngilizce,411.070 Ruble,,,,,,,
Sanat Tarihi ,Rusça+İngilizce,411.070 Ruble,,,,,,,
Reklamcılık ve Halkla İlişkiler/ TV,Rusça,449.960 Ruble,,,,,,,
Dil Bilimi/ Modern ve Kültürel Rus Dili ,Rusça,420.000 Ruble,,,,,,,
Girişimcilik,Rusça,570.000 Ruble,,,,,,,
Klinik Psikoloji (Uzmanlık 6 YIL),Rusça,448.710 Ruble,,,,,,,
Hizmet Faaliyeti Psikolojisi (Uzmanlık 6 YIL),Rusça,448.710 Ruble,,,,,,,
Filoloji ( Rus Dili Edebiyatı),Rusça,449.960 Ruble,,,,,,,
İşletme/ Yönetim,Rusça,539.070 Ruble,,,,,,,
İnsan Kaynakları Yönetimi,Rusça,539.070 Ruble,,,,,,,
Devlet ve Belediye Yönetimi ,Rusça,539.070 Ruble,,,,,,,
Siyaset Bilimi,Rusça,539.070 Ruble,,,,,,,
Uluslararası İlişkiler ,Rusça,449.960 Ruble,,,,,,,
Siyaset Yönetimi ve Halkla İlişkiler ,Rusça,539.070 Ruble,,,,,,,
Sosyoloji,Rusça,412.000 Ruble ,,,,,,,
Temel Mekanik,Rusça,409.980 Ruble,,,,,,,
Jeoloji (Lisans+ Yükseklisans),Rusça,455.990 Ruble,,,,,,,
"Güzel Sanatlar( Güzel Sanatlar Teorisi, Müzik, Resim, Dans)",Rusça,539.070 Ruble,,,,,,,
Fizik Coğrafyası ve Peyzaj Bilimi,Rusça,460.000 Ruble,,,,,,,
,,,,,,,,,
MOSKOVA DEVLET HAVACILIK ÜNİVERSİTESİ ,DİL,ÜCRET,,YÜKSEK LİSANS,DİL,ÜCRET,,,
,,,,,,,,,
Uçak Mühendisliği,Rusça,3900$ - 380.000 Ruble,İngilizce Hazırlık Paket Ücreti 5050$,Uçak Mühendisliği (2 yıl),İngilizce,500.000 Ruble,,,
Uçak Mühendisliği,İngilizce ,5100$- 500.000 Ruble,Rusça Hazırlık Paket Ücreti  4150$ ,Uzay Aracı Mühendisliği (2 yıl),İngilizce,500.000 Ruble,,,
Havacılık Ekipmanları bakım ve Onarımı,İngilizce ,5100$- 500.000 Ruble,,Mühendislikte Kontrol Sistemleri ve Bilgisayar Bilimleri (2 yıl),İngilizce,500.000 Ruble,,,
Uzay Aracı Mühendisliği ,Rusça,3900$ - 380.000 Ruble,İngilizce sadece hazırlık ücreti 3500$ - 280.000 ruble,Uçak Sevk Mühendisliği ,İngilizce,500.000 Ruble,,,
Uzay Aracı Mühendisliği ,İngilizce ,5100$- 500.000 Ruble,Rusça sadece hazırlık ücreti 2600$ - 250.000 ruble,Uçak Mühendisliği (2 yıl),Rusça,440.000 Ruble,,,
Uçak Sevk Mühendisliği ,Rusça,3900$ - 380.000 Ruble,,Uzay Aracı Mühendisliği (2 yıl),Rusça,440.000 Ruble,,,
Robotik ve Akıllı Sistemler ,Rusça,3900$ - 380.000 Ruble,,Mühendislikte Kontrol Sistemleri ve Bilgisayar Bilimleri (2 yıl),Rusça,440.000 Ruble,,,
Ekonomi Yönetimi ve Dil Bilimi ,Rusça,3900$ - 380.000 Ruble,,Uçak Sevk Mühendisliği ,Rusça,440.000 Ruble,,,
Malzeme Bilimi ve Teknolojisi,Rusça,3900$ - 380.000 Ruble,,Radyo Elektroniği ve İletişim Sistemleri (2 yıl),Rusça,440.000 Ruble,,,
Matematik ve Bilgisayar Bilimi,Rusça,3900$ - 380.000 Ruble,,Matematik ve Bilgisayar Bilimi (2 yıl),Rusça,440.000 Ruble,,,
Uçak Sevk Mühendisliği,İngilizce ,5100$- 500.000 Ruble,,Malzeme Bilimi ve Teknolojisi (2 yıl),Rusça,440.000 Ruble,,,
Araç İçi Elektroniği ve Teknik Sibernetik,Rusça,3900$ - 380.000 Ruble,,,,,,,
,,,,,,,,,
MOSKOVA DEVLET TEKNİK ÜNİVERSİTESİ,DİL,ÜCRET,EK GİDERLER,DOKTORA,DİL,ÜCRET,,,
,,,,,,,,,
Uygulamalı matematik ve bil. Bilim,Rusça,270119 RUBLE ,Hazırlık Rusça Paketı 6750$,Yüksek ögrenim uzmanlıkları  - uzmanlık ,Rusça,302533 RUBLE,,,
Uygulamalı matematik ,Rusça,270119 RUBLE ,,Bilgisaya güvenligi,Rusça,302533 RUBLE,,,
Matematik ve bilgisayar bilimi,Rusça,270119 RUBLE ,YURT ÜCRETİ,Otomatik sistemlerin bilgi güvenliği,Rusça,302533 RUBLE,,,
Bilişim ve bilgisayar Mühendisliği,Rusça,302533 RUBLE,60$-100$,Karşı teknik istihbahrat ,Rusça,302533 RUBLE,,,
Bilgi sistemleri ve teknolojileri,Rusça,302533 RUBLE,SİGORTA,Elektronik sistemler ve kompleksler,Rusça,302533 RUBLE,,,
Yazılım mühendisliği,Rusça,302533 RUBLE,SAĞLIK MUAYENESİ ,Özel amaçlı elek. Ve optoelek cih. Ve sis ,Rusça,302533 RUBLE,,,
Elektronik tasarım ve teknolojileri,Rusça,302533 RUBLE,,Nükleer reaktörler ve malzemeler ,Rusça,350300 RUBLE,,,
Elektronik ve nanoelektronik,Rusça,302533 RUBLE,,Teknolojik makine ve komplekslerin tasarımı ,Rusça,302533 RUBLE,,,
Optik Mühendisliği,Rusça,302533 RUBLE,,Özel yaşam destek sistemleri,Rusça,350300 RUBLE,,,
Biyonteknik sistemler ve tekolojiler ,Rusça,302533 RUBLE,,Mühimmat ve sigortalar ,Rusça,350300 RUBLE,,,
Lazer teknolojisi ve lazer teknolojisi,Rusça,302533 RUBLE,,"Küçük silahlar,Topçu ve roket silahları ",Rusça,350300 RUBLE,,,
Elektrik Mühendisliği,Rusça,302533 RUBLE,,Kara taşımacılığı  teknolojik araçlar ,Rusça,302533 RUBLE,,,
Nükleer Enerji Mühendisliği ve termal fizik,Rusça,350300 RUBLE,,Roketlerin roket metotlarının tasarımı ,Rusça,350300 RUBLE,,,
Makine Mühendisliği,Rusça,302533 RUBLE,,Uzay tek. Uygu. Nav. Ve balistik des.,Rusça,350300 RUBLE,,,
Teknolojik makine ve ekipmanlar ,Rusça,302533 RUBLE,,Uçak kontrol sistemleri,Rusça,350300 RUBLE,,,
Uygulamalı mekanik ,Rusça,302533 RUBLE,,Adli muayene ,Rusça,270199 RUBLE,,,
Teknolojik süeçlerin ve üretimin otomasyonu,Rusça,302533 RUBLE,,,,,,,
Makine yap.endüstrilerinin tas. Ve tek.des.,Rusça,302533 RUBLE,,,,,,,
Mekatronik ve robotik ,Rusça,302533 RUBLE,,,,,,,
Teknik fizik,Rusça,350300 RUBLE,,,,,,,
Yüksek teknoloji plazma ve enerji santraleri,Rusça,350300 RUBLE,,,,,,,
Sogutma kriyojenik tek. Ve yaşam destek sis.,Rusça,350300 RUBLE,,,,,,,
Teknosfer güvenliği,Rusça,302533 RUBLE,,,,,,,
Malzeme bilimi ve malzeme teknolojisi,Rusça,302533 RUBLE,,,,,,,
Roket kompleksleri ve astronotik ,Rusça,350300 RUBLE,,,,,,,
Standardizasyon ve metroloji,Rusça,302533 RUBLE,,,,,,,
Teknik sistemlerde yönetim ,Rusça,302533 RUBLE,,,,,,,
Yenilik,Rusça,302533 RUBLE,,,,,,,
Nano Mühendisliği,Rusça,350300 RUBLE ,,,,,,,
Ekonomi,Rusça,270119 RUBLE,,,,,,,
Yönetim,Rusça,270119 RUBLE,,,,,,,
İşletme bilişimi ,Rusça,270119 RUBLE,,,,,,,
Sosyoloji,Rusça,270119 RUBLE,,,,,,,
Dilbilim,Rusça,270119 RUBLE,,,,,,,
Uygulamalı matematik ,Rusça,290727 RUBLE,,,,,,,
Matematik ve bilgisayar bilimi,Rusça,290727 RUBLE,,,,,,,
Bilişim ve bilgisayar Mühendisliği,Rusça,324577 RUBLE,,,,,,,
Bilgi sistemleri ve teknolojileri,Rusça,324577 RUBLE,,,,,,,
Uygulamalı bilişim ,Rusça,324577 RUBLE,,,,,,,
Yazılım Mühendisliği,Rusça,324577 RUBLE,,,,,,,
Bilgi güvenliği,Rusça,324577 RUBLE,,,,,,,
Elektronik ve nanoelektronik,Rusça,324577 RUBLE,,,,,,,
Optik Mühendisliği,Rusça,324577 RUBLE,,,,,,,
Biyoteknik sistemler ve teknolojiler,Rusça,324577 RUBLE,,,,,,,
Lazer teknolojisi ve lazer teknolojisi,Rusça,324577 RUBLE,,,,,,,
Nükleer enerji Mühendisliği ve termal fizik,Rusça,324577 RUBLE,,,,,,,
Makine Mühendisliği,Rusça,324577 RUBLE,,,,,,,
Teknolojik süreçlerin ve üretimin otomasyonu,Rusça,324577 RUBLE,,,,,,,
Makine yapı endüstrilerinin tası. Ve teki. Des.,Rusça,324577 RUBLE,,,,,,,
Mekatronik ve robotik ,Rusça,324577 RUBLE,,,,,,,
Teknik fizik,Rusça,376255 RUBLE,,,,,,,
Yüksek  teknoloji plazlama ve enerji santralleri,Rusça,376255 RUBLE,,,,,,,
Sogutma kriyojenik tek. Ve yaşam destek sis,Rusça,376255 RUBLE,,,,,,,
Teknosfer güvenliği,Rusça,324577 RUBLE,,,,,,,
Malzeme bilimi ve malzeme teknolojisi,Rusça,324577 RUBLE,,,,,,,
Kara taşımacılıgı ve teknolojik kompleksler,Rusça,324577 RUBLE,,,,,,,
Roket kompleksleri ve astronotik ,Rusça,376255 RUBLE,,,,,,,
Standardizasyon ve metroloji,Rusça,324577 RUBLE,,,,,,,
Teknik sistemlerde yönetim ,Rusça,324577 RUBLE,,,,,,,
Bilgi yoğun endüstrilerin org. Ve yönetimi,Rusça,324577 RUBLE,,,,,,,
Bilim yogun teknolojiler ve inovasyon eko,Rusça,324577 RUBLE,,,,,,,
Fikri mülkiyet yönetimi,Rusça,324577 RUBLE,,,,,,,
,,,,,,,,,
,,,,,,,,,
,,,,,,,,,
NOVOSİBİRSK DEVLET ÜNİVERSİTESİ ,DİL ,ÜCRET,EK GİDERLER,YÜKSEK LİSANS ,DİL ,ÜCRET,DOKTORA ,DİL ,ÜCRET
,,,,,,,,,
Tıp ,İngilizce-Rusça ,6500$,Hazırlık İngilizce Paketi 6500$,Büyük veri analitiği ve yapay zeka ,İngilizce ,6500$,Astropartikül fizigi,İngilizce ,5500$
Afrika ve doğu çalışmaları,Rusça,4500$,Hazırlık Rusça Paketi 5250$,Petrol ve gaz yönetimi,İngilizce ,6501$,Biyoloji,Rusça,5500$
Uygulamalı matematik ve bilişim ,Rusça,4500$,YURT ÜCRETİ,Finans yönetim ,İngilizce ,6502$,Kimya ,Rusça,5500$
Biyoloji,Rusça,4500$,60$-100$,Klasikler ve felsefe ,İngilizce ,6503$,Bilgisayar bilimi ve mühendisliği,Rusça,5500$
İşletme enformatiği,Rusça,4500$,SİGORTA,Malzeme bilimi,İngilizce ,6504$,Bilgisayar bilimi ve bilgisayar bil.,Rusça,5500$
Kimya ,Rusça,4500$,SAĞLIK MUAYENESİ ,Farmasökit  kimya ,İngilizce ,6505$,Yer bilimi,Rusça,5500$
Bilgisayar bilimi ve mühendisliği,Rusça,4500$,,Fonksoniyel anatomi,İngilizce ,6506$,Ekonomi,Rusça,5500$
Ekonomi,Rusça,4500$,,Palebiota araş. Palebiyolojik ve stratik yön.,İngilizce ,6507$,Tarih ve arkeoloji,Rusça,5500$
Temel ve uygulamalı kimya(uzm. Derecesi),Rusça,4500$,,Temel ve uygulamalı yerbilimleri,Rusça ,3600$,Dil ve edebiyat çalışmaları,Rusça,5500$
Temel ve uygulamalı dilbilim ,Rusça,4500$,,Uygulamalı matematik ve bilişim ,Rusça ,3600$,Kitle iletişim. Araç. Ve kütüp. Ve bilgi bil.,Rusça,5500$
Jeoloji,Rusça,4500$,,Biyoloji,Rusça ,3600$,Matematik ve mekanik ,Rusça,5500$
Tarih ,Rusça,4500$,,Kimya ,Rusça ,3600$,Felsefe etik ve di bilimleri,Rusça,5500$
Gazetecilik,Rusça,4500$,,Bilgisayar bilimi ve mühendisliği ,Rusça ,3600$,Rus dili,Rusça,5500$
Hukuk,Rusça,4500$,,Ekonomi,Rusça ,3600$,Kimya ,Rusça,5500$
Dilbilim(yabancı diller),Rusça,4500$,,Jeoloji,Rusça ,3600$,Biyoloji,Rusça,5500$
Yönetim ,Rusça,4500$,,Tarih ,Rusça ,3600$,Matematik   ,Rusça,5500$
Matematik ,Rusça,4500$,,Bilgisayar işlemleri ve sistemleri ,Rusça ,3600$,Fizik,Rusça,5500$
Matematik ve bilgisayar bilimleri,Rusça,4500$,,Gazetecilik ,Rusça ,3600$,Ekonomiye giriş,Rusça,5500$
Mekanik ve matematiksel modelleme ,Rusça,4500$,,Hukuk,Rusça ,3600$,Sosyal çalışmalar ,Rusça,5500$
Filoloji,Rusça,4500$,,Yönetim ,Rusça ,3600$,Matematik,Rusça,5500$
Felsefe ,Rusça,4500$,,Matematik ,Rusça ,3600$,,,
Fizik ,Rusça,4500$,,Matematik ve bilisayar bilimleri,Rusça ,3600$,,,
Psikoloji,Rusça,4500$,,Mekanik ve matematiksel modelleme ,Rusça ,3600$,,,
Sosyoloji,Rusça,4500$,,Filoloji,Rusça ,3600$,,,
,,,,Felsefe ,Rusça ,3600$,,,
,,,,Fizik ,Rusça ,3600$,,,
,,,,Sosyoloji,Rusça ,3600$,,,
,,,,,,,,,
(RUDİN)HALKLARIN DOSTLUĞU ÜNİVERSİTESİ,DİL,ÜCRET,EK GİDERLER,YÜKSEK LİSANS ,DİL,ÜCRET,DOKTORA,DİL,ÜCRET
,,,,,,,,,
Tıp,Rusça/İngilizce ,9750$/11000$,HAZIRLIK ÜCRETİ 6100$,Ortopedik Diş Hekimliği (2 YIL),Rusça,8100$,Veterinerlik bilimi,Rusça,5450$
Diş Hekimliği,Rusça/İngilizce ,9450$/11000$,,Cerrahi Diş Hekimliği (2 YIL),Rusça,8100$,Klinik Psikoloji,Rusça,5550$
Eczacılık ,Rusça/İngilizce ,5700$/7800$,Yurt Ücreti: 400 – 500 USD/yıl,Biyoteknoloji (4 YIL),Rusça,6200$,Sağlık Psikolojisi,Rusça,5550$
Hukuk,Rusça/İngilizce ,5850$/6850$,SİGORTA,Biyokimya (4 YIL),Rusça,6200$,,,
Mimarlık,Rusça ,5450$,SAĞLIK MUAYENESİ ,Genel Tarih (3 YIL),Rusça,6100$,,,
Ekonomi,Rusça ,4900$,,Makine Mühendisliği ve Otomasyon (2 YIL),Rusça,5900$,,,
Biyomedikal ,Rusça ,5450$,,Modern Peyzaj Mimarisi ve Kentsel Tasarım (2 YIL),Rusça,5900$,,,
Veterinerlik ve Hijyenik Muayene ,Rusça ,5450$,,Peyzaj Mimarisi ve Tasarım (2 YIL),Rusça,5900$,,,
Gazetecilik,Rusça ,6300$,,Rus Dili (2 YIL),Rusça,5250$,,,
Bilgisayar ve Bilişim Bilimleri ,Rusça ,4850$,,Medya İletişim ve Gazetecilik (3 YIL),Rusça,6100$,,,
Makine Mühendisliği ,Rusça ,5450$,,Uluslararası Gazetecilik,Rusça,7900$,,,
Peyzaj Mimarlığı ,Rusça ,6200$,,Uluslararası ilişkiler (3 YIL),Rusça,6100$,,,
Tercümanlık ,Rusça ,6300$,,Uluslararası Yönetim (2 YIL),Rusça,5550$,,,
Matematik,Rusça ,4850$,,Uluslararası Pazarlama (2 YIL),Rusça,5550$,,,
Matematik ve Mekanik ,Rusça ,4850$,,Uluslararası İşletme Yönetimi (2 YIL),Rusça,5550$,,,
Uluslararası ilişkiler ,Rusça ,6150$,,Mikrobiyoloji (3 YIL),Rusça,6200$,,,
Pazarlama ,Rusça ,6350$,,Dünya Ekonomisi (3 YIL),Rusça,6100$,,,
İnsan Kaynakları ,Rusça ,6350$,,Genel Psikoloji (İletişim ve Etkileşim Sorunları)(3 YIL),Rusça,6100$,,,
İşletme ,Rusça ,6350$,,"Genel Psikoloji, Kişilik Psikolojisi, Psikoloji Tarihi(3 YIL)
",Rusça,6100$,,,
Siyaset Bilimi ,Rusça ,5550$,,Organik kimya (4 YIL),Rusça,6200$,,,
Hukuk ve Siyaset Bilimi ,Rusça ,6150$,,Yapay Zeka ve Veri Analizi (2 YIL),Rusça,5900$,,,
Psikoloji,Rusça ,4850$,,Rus Edebiyatı (3 YIL),Rusça,7900$,,,
Reklamcılık ve Halkla İlişkiler,Rusça ,6300$,,Adli Tıp (4 YIL),Rusça,6600$,,,
Dijital Pazarlama İletişim ,Rusça ,6300$,,Hemşirelik Yönetimi (2 YIL) ,Rusça,6650$,,,
Halkla İlişkiler ,Rusça ,6300$,,,,,,,
Reklamcılık,Rusça ,6300$,,,,,,,
Hemşirelik ,Rusça ,5450$,,,,,,,
Sosyoloji ,Rusça ,4850$,,,,,,,
Uluslararası Turizm ,Rusça ,6150$,,,,,,,
Filoloji ,Rusça ,5550$,,,,,,,
Felsefe ,Rusça ,4850$,,,,,,,
Yapay Zeka ve Akıllı Sistemler,Rusça ,6000$,,,,,,,
Kimya- Fizik,Rusça ,5450$,,,,,,,
Ekonmi ve İşletme ,Rusça ,6350$,,,,,,,
Muhasebe ve Denetim,Rusça ,6350$,,,,,,,
Finans ve Kredi ,Rusça ,6350$,,,,,,,
Hukuk ,Rusça ,6150$,,,,,,,
Hukuk Felsefesi,Rusça ,5550$,,,,,,,
Uluslararası Hukuk ,Rusça ,6150$,,,,,,,
Hukuk ve Siyaset ,Rusça ,6150$,,,,,,,
Tarih ,Rusça ,4850$,,,,,,,
Sanat ve Beşeri Bilimler,Rusça ,5000$,,,,,,,
Bilgisayar ve Bilişim Bilimleri,Rusça ,4850$,,,,,,,
Dijital Tasarım ve Web Geliştirme,Rusça ,6350$,,,,,,,
Uluslararası Yönetim,Rusça ,6350$,,,,,,,
Siyaset Bilimi ve Bölgesel Çalışmalar ,Rusça ,5550$,,,,,,,
Uygulamalı Bilgisayar Bilimi,Rusça ,5450$,,,,,,,
Eğitim Psikolojisi,Rusça ,4850$,,,,,,,
,,,,,,,,,
ST. PETERSBURG  DEVLET ÜNİVERSİTESİ,ÜCRET,DİL, EK GİDERLER,YÜKSEK LİSANS ,DİL,ÜCRET,DOKTORA,DİL,ÜCRET
Tıp,Rusça/İngilizce ,466.500/506.100 Ruble,Hazırlık 272.000 Ruble ,Yazılım Geliştirme ve Veri Bilimi ,Rusça,373.400 Ruble ,Matematiksel Mantık ve Cebir,Rusça,337.100 Ruble
Diş hekimliği ,Rusça/İngilizce ,437.000/474.000 Ruble ,10 Ay Hazırlık Eğitimi (1080 Saat),Oyun Teorisi ve Operayon Araştırması ,Rusça,373.400 Ruble ,Hesaplamalı Matematik,Rusça,337.100 Ruble
Eczacılık,Rusça,466.500 Ruble ,,Yapay Zeka Teknolojileri ,Rusça,355.600 Ruble ,Yapay Zeka ve Makine ,Rusça,345.900 Ruble
Hemşirelik ,Rusça/İngilizce ,390.300/427.100 Ruble ,,Mühendislik Odaklı Fizik ,Rusça,346.700 Ruble ,Matematiksel Modelleme ,Rusça,370.600 Ruble
Klinik Psikoloji ,Rusça,350.000 Ruble ,,Fizik ,Rusça,346.700 Ruble ,"Fizik (Teorik, Optik, Yoğun Madde,Plazma)",Rusça,367.400 Ruble
Oyunculuk ,Rusça,472.900 Ruble ,,Kimya ,Rusça,346.700 Ruble ,Manyetik Olaylar Fiziği ,Rusça,370.600 Ruble
Temel matematik ve Mekanik ,Rusça/İngilizce ,325.600 Ruble ,,Jeoloji ,Rusça,391.600 Ruble ,Atom Çekirdeği ve Temel Parçaları ,Rusça,370.600 Ruble
Matematik,Rusça,377.300 Ruble ,,Biyoloji ,Rusça,359.200 Ruble ,Lazer Fiziği ,Rusça,370.600 Ruble
Uygulamalı Matematik ve Bilgisayar Bilimleri (Yapay Zeka) ,Rusça,367.700 Ruble , ,Coğrafya ,Rusça,408.400 Ruble ,"Kimya (İnorganik, Analitik, Organik, Fiziksel)",Rusça,367.400 Ruble
Uygulamalı Matematik ve Bilgisayar Bilimleri ,Rusça,312.000 Ruble ,,Yazılım Mühendisliği ,Rusça,400.000 Ruble ,Elektrokimya ,Rusça,367.400 Ruble
Bilgisayar ve Modern Programlama ,Rusça,312.000 Ruble ,,Arazi Yönetimi ve Kadastro ,Rusça,375.300 Ruble ,Radyokimya,Rusça,367.400 Ruble
Mekanik ve Matematik Modelleme ,Rusça,368.600 Ruble ,,Psikoloji ,Rusça,344.800 Ruble ,Tıbbi Kimya ,Rusça,367.400 Ruble
Veri Bilimi,Rusça,356.700 Ruble ,,Psikoloji- Çocukların Ruh Sağlığı ,Rusça,344.800 Ruble ,Biyokimya ,Rusça,349.100 Ruble
Fizik,Rusça,387.400 Ruble ,,Psikoloji- Kişilik Psikolojisi ,Rusça,344.800 Ruble ,Genetik,Rusça,349.200 Ruble
Kimya ,Rusça,373.300 Ruble ,,Psikoloji- Beden Eğitimi ve Spor Psikolojisi ,Rusça,344.800 Ruble ,Botanik,Rusça,349.200 Ruble
"Malzemelerin Kimyası, Fiziği ve Mekaniği ",Rusça,357.900 Ruble ,,Ekonomi ,Rusça,488.300 Ruble ,Mikrobiyoloji ,Rusça,349.200 Ruble
Jeoloji ,Rusça,383.300 Ruble ,,Sosyoloji ,Rusça,475.000 Ruble ,Zooloji,Rusça,349.200 Ruble
Coğrafya ,Rusça,346.200 Ruble ,,"Hukuk Felsefesi( İflas, Medeni,Aile, Kamu, Vergi,İş, Ceza vb.)",Rusça,446.300 Ruble ,Ekoloji,Rusça,349.200 Ruble
Biyoloji ,Rusça,377.300 Ruble ,,Uluslararası İlişkiler ,Rusça/İngilizce ,473.800/508.000 Ruble ,Toprak Bilimi ,Rusça,349.200 Ruble
Toprak bilimi ,Rusça,352.600 Ruble ,,Gazetecilik ,Rusça,463.600 Ruble ,Mühendislik Jeolojisi/ Jeofizik,Rusça,444.800 Ruble 
Uygulamalı bilgisayar Bilimi ,Rusça,400.500 Ruble ,,Turizm,Rusça,383.900 Ruble ,Fiziksel Coğrafya ve Biyocoğrafya ,Rusça,340.600 Ruble
Yazılım Mühendisliği ,Rusça,400.500 Ruble ,,Pedogojik Eğitim,Rusça,223.300 Ruble ,Arazi Yönetimi ve Kadastro ,Rusça,340.600 Ruble
Arazi Yönetimi ve Kadastro ,Rusça,481.300 Ruble ,,Filoloji ,Rusça,451.700 Ruble ,"Coğrafya (Ekonomik, Sosyal, Siyasi) ",Rusça,340.600 Ruble
Psikoloji,Rusça,350.000 Ruble ,,,,,Jeoekoloji ,Rusça,444.800 Ruble 
Ekonomi ,Rusça,499.100 Ruble ,,,,,Bilgisayar Bilimi ,Rusça,345.900 Ruble 
Sosyoloji ,Rusça,302.200 Ruble,,,,,Tıp ,Rusça,379.800 Ruble 
Uluslararası ilişkiler ,Rusça,422.000 Ruble ,,,,,Diş Hekimliği ,Rusça,391.900 Ruble 
Reklamcılık ve Halkla İlişkiler ,Rusça,446.400 Ruble ,,,,,Hukuk ,Rusça,351.100 Ruble 
Gazetecilik ,Rusça,249.100 Ruble ,,,,,Dünya Ekonomisi/ Finans ,Rusça,351.100 Ruble 
Uluslararası Gazetecilik ,Rusça,427.700 Ruble ,,,,,"Psikoloji (Genel, Eğitim, Sosyal, Tıbbi)",Rusça,343.900 Ruble
Turizm,Rusça,389.100 Ruble ,,,,,"Sosyoloji (Ekonomik, Siyasal, Kültür)",Rusça,336.300 Ruble 
Filoloji( İngiliz Dili ve Edebiyatı),Rusça,410.100 Ruble ,,,,,Siyaset Tarihi/ Kamu Yönetimi,Rusça,327.500 Ruble 
Filoloji (İtalyan Dili ve Edebiyatı),Rusça,426.300 Ruble,,,,,Uluslararası İlişkiler,Rusça,336.800 Ruble 
Filoloji (Klasik Filoloji) ,Rusça,426.300 Ruble,,,,,"Tarih (Ulusal, Genel) / Arkeoloji ",Rusça,323.800 Ruble
Filoloji ( Rus Dili ve Edebiyatı),Rusça,426.300 Ruble,,,,,Uluslararası İlişkiler ve Dış Politika ,Rusça,332.900 Ruble 
Filoloji (Fransız Dili ve Edebiyatı),Rusça,426.300 Ruble,,,,,"Felsefe (Tarih, Bilim ve Teknoloji, Sosyal ve Politik, Din) ",Rusça,336.900 Ruble 
Dil Bilimi (Tercümanlık),Rusça,440.800 Ruble ,,,,,Dünya halklarının Edebiyatı ,Rusça,323.500 Ruble 
"Dil Bilimi (İspanyolca, Rusça, Slav)",Rusça,428.300 Ruble ,,,,,Edebiyat Teorisi / Rus Halklarının Dilleri ,Rusça,395.900 Ruble 
Tarih ,Rusça,313.600 Ruble ,,,,,Medya İletişimi ve Gazetecilik ,Rusça,271.200 Ruble 
Felsefe ,Rusça,313.600 Ruble ,,,,,"Teoloji (Din Bilimi- İslam, Yahudilik, Budizm vb.)",Rusça,336.900 Ruble 
Din Bilimleri ,Rusça,337.900 Ruble ,,,,,,,
Sanat Tarihi ,Rusça,469.600 Ruble ,,,,,,,
İlahiyat (Yahudi Yahudi ve Hristiyan Teolojisi),Rusça,337.900 Ruble ,,,,,,,
Müzecilik ,Rusça,295.500 Ruble ,,,,,,,
"Müzik ve Enstrüman (Org, Keman, Şarkı)",Rusça,591.100 Ruble ,,,,,,,
El sanatları ,Rusça,460.600 Ruble ,,,,,,,
Restorasyon,Rusça,518.800 Ruble ,,,,,,,
"Doğu Ve Afrika Çalışmaları Çeviri(Arapça, İbranice, Hintçe)                       ",Rusça,516.100 Ruble,,,,,,,
,,,,,,,,,
MOSKOVA DEVLET ULUSLARARASI İLİŞKİLER ENSTİTÜSÜ,DİL,ÜCRET,EK GİDERLER,,,,,,
TİCARET,Rusça,8310$,YURT ÜCRETİ,,,,,,
ULUSLARASI İLİŞKİLER,Rusça,8200$,60$-100$,,,,,,
SOSYOLOJİ,Rusça,8600$,SİGORTA,,,,,,
KAMU YÖNETİMİ ,Rusça,8820$,SAĞLIK MUAYENESİ ,,,,,,
SİYASET BİLİMİ ,Rusça,8820$,,,,,,,
YARGI YETKİSİ ,Rusça,9300$,,,,,,,
REKLAM VE HALKLA İLİŞKİLER ,Rusça,9330$,,,,,,,
GAZETECİLİK,Rusça,9750$,,,,,,,
İŞLETME,Rusça,9940$,,,,,,,
YABANCI BÖLGESEL ÇALIŞMALAR ,Rusça,10.000$,,,,,,,
EKONOMİ,Rusça,10.040$,,,,,,,
KAZAN DEVLET İNŞAAT ÜNİVERSİTESİ,DİL,ÜCRET,EK GİDERLER,YÜKSEK LİSANS ,DİL,ÜCRET,DOKTORA,DİL,ÜCRET
Mimarlık /  5 yıl,Rusça,187.335 Ruble ,HAZIRLIK YOK.,Mimarlık (Mimarlık Teorisi ve Bilimsel ve Tasarım Modellemesi),Rusça,199.968 Ruble ,"Gerçek, Entegre ve İşlevsel Analiz",Rusça,183.450 Ruble 
"Mimari Mirasın Yeniden İnşası, Restorasyonu / 5 yıl",Rusça,187.335 Ruble ,KONAKLAMA AYLIK ,Mimarlık (Binaların Mimari ve Yapısal Tasarımı),Rusça,199.968 Ruble ,Deforme Olabilen Katıların Mekaniği,Rusça,202.950 Ruble 
Mimarlık Çevre Tasarımı /5 yıl,Rusça,187.335 Ruble ,1.500-2.200 RUBLE ,Mimari Mirasın Restorasyonu ve Yeniden İnşası,Rusça,199.968 Ruble ,"Su Temini, Kanalizasyon, İnşaat Su Koruma Sistemleri",Rusça,190.310 Ruble 
Peyzaj Mimarlığı ,Rusça,187.335 Ruble ,,Mimari Çevre Tasarımı,Rusça,199.968 Ruble ,"Bina yapıları, Binalar ve Tesisler",Rusça,190.310 Ruble 
Şehir Planlama / 5 yıl,Rusça,187.335 Ruble ,,Şehir Planlama ,Rusça,199.968 Ruble ,Temeller ve Yeraltı Yapıları,Rusça,190.310 Ruble 
İnşaat Mühendisliği ,Rusça,187.335 Ruble ,,İnşaat Mühendisliği ,Rusça,199.968 Ruble ,"Isıtma, Havalandırma, Klima, Gaz Temini ve Aydınlatma",Rusça,190.310 Ruble 
Bilgi Sistemleri ve Teknolojileri ,Rusça,187.335 Ruble ,,Isı Enerjisi ve Isı Mühendisliği ,Rusça,199.968 Ruble ,Yapı Malzemeleri ve Ürünleri,Rusça,190.310 Ruble 
Teknosfer Güvenliği ,Rusça,187.335 Ruble ,,,,,İnşaat Teknolojisi ve Organizasyonu,Rusça,190.310 Ruble 
Isı Enerjisi Mühendisliği ve Isı Mühendisliği,Rusça,187.335 Ruble ,,,,,"Şehir Planlama, Kırsal Planlama Yerleşimleri 3 Yıl ",Rusça,190.310 Ruble 
Arazi Yönetimi ve Kadastro,Rusça,219.771 Ruble ,NİJNİY NOVGOROD ,,,,Bilgisayar Modelleme ve Otomasyon,Rusça,190.310 Ruble 
Yönetim,Rusça,167.355 Ruble ,,,,,Teorik ve Uygulamalı Isı Mühendisliği,Rusça,190.310 Ruble 
Konut ve Tesis Altyapısı,Rusça,167.355 Ruble ,,,,,Bölgesel ve Sektörel Ekonomi 3 Yıl ,Rusça,183.450 Ruble 
Tasarım/ Grafik Tasarım ,Rusça,320.567 Ruble ,,,,,Ulusal Tarih 3 Yıl ,Rusça,183.450 Ruble 
Taşıma Süreci Teknolojisi,Rusça,187.335 Ruble ,,,,,Mesleki Eğitim Metodolojisi ve Teknolojisi 3 Yıl,Rusça,183.450 Ruble 
Benzersiz Bina ve Yapıların İnşası / 6 yıl,Rusça,187.335 Ruble ,,,,,Sanat Türleri 3 Yıl,Rusça,183.450 Ruble 
,,,,,,,,,
KAZAN ULUSAL ARAŞTIRMA TEKNİK ÜNİVERSİTESİ,ÜCRET,DİL,EK GİDERLER,,,,,,
NANO TEKNOLOJİ MÜHENDİSLİĞİ :  ,1400$,Rusça,YURT ÜCRETİ,,,,,,
GEMİ İNŞA VE GEMİ MAKİNALARI MÜHENDİSLİĞİ ,1400$,Rusça,60$-100$,,,,,,
BİLGİSAYAR MÜHENDİSLİĞİ ,1400$,Rusça,SİGORTA,,,,,,
YAZILIM MÜHENDİSLİĞİ ,1400$,Rusça,SAĞLIK MUAYENESİ ,,,,,,
BİLGİ SİSTEMLERİ VE TEKNOLOJİLERİ ,1400$,Rusça,,,,,,,
UÇAK GÖVDE-MOTOR BAKIM ,1600$,Rusça,,,,,,,
BİYOMEDİKAL MÜHENDİSLİĞİ ,1600$,Rusça,,,,,,,
TELEKOMÜNİKASYON MÜHENDİSLİĞİ,1600$,Rusça,,,,,,,
BİLGİ İLETİŞİM TEKNOLOJİLERİ VE SİSTEMLERİ ,1600$,Rusça,,,,,,,
MÜZİK ALETLERİ YAPIMI ,1600$,Rusça,,,,,,,
GÜÇ VE ISI MÜHENDİSLİĞİ ,1600$,Rusça,,,,,,,
GÜÇVE MAKİNE MÜHENDİSLİĞİ ,1600$,Rusça,,,,,,,
KONTROL MÜHENDİSLİĞİ ,1600$,Rusça,,,,,,,
FİZİK MÜHENDİSLİĞİ ,1600$,Rusça,,,,,,,
ÇEVRE MÜHENDİSLİĞİ ,1600$,Rusça,,,,,,,
EKONOMİ ,1600$,Rusça,,,,,,,
OPTİK VE AKUSTİK MÜHENDİSLİĞİ ,1650$ ,Rusça,,,,,,,
UYGULAMALI BİLİŞİM ,1650$ ,Rusça,,,,,,,
ELEKTRONİK VE NANOELEKTRONİK MÜHENDİSLİĞİ,1650$ ,Rusça,,,,,,,
UÇAK MÜHENDİSLİĞİ ,1650$ ,Rusça,,,,,,,
MAKİNA MÜHENDİSLİĞİ ,1650$ ,Rusça,,,,,,,
ELEKTRİK MÜHENDİSLİĞİ ,1750$,Rusça,,,,,,,
MALZEME BİLİMİ VE MÜHENDİSLİĞİ ,1750$,Rusça,,,,,,,